frame,time,motion,motion_w8,motion_localmax,luma,centroid_x,centroid_y
0,0.0000,9.1377,9.1377,25.8819,80.40,0.510,0.511
1,0.0333,7.9444,14.0639,34.0486,80.40,0.511,0.497
2,0.0667,4.1672,15.7062,38.5833,80.63,0.505,0.518
3,0.1000,6.5571,18.0093,45.2847,80.43,0.495,0.521
4,0.1333,5.7118,19.7138,49.2708,80.78,0.486,0.517
5,0.1667,2.7233,20.2786,50.8264,80.91,0.467,0.539
6,0.2000,4.5957,21.4468,52.7778,81.09,0.463,0.512
7,0.2333,3.5326,22.0938,53.9931,80.79,0.460,0.527
8,0.2667,1.6016,20.0581,48.4444,81.17,0.445,0.531
9,0.3000,2.1959,18.0519,45.2639,81.15,0.450,0.520
10,0.3333,1.7230,17.3893,43.7222,81.28,0.459,0.492
11,0.3667,0.3662,14.9051,42.5139,80.91,0.417,0.558
12,0.4000,0.3155,12.3868,35.4444,81.10,0.354,0.595
13,0.4333,0.2451,11.0043,31.3333,81.07,0.409,0.573
14,0.4667,0.2671,8.2897,23.7292,81.14,0.405,0.569
15,0.5000,0.1658,5.6467,18.7153,81.01,0.385,0.596
16,0.5333,0.1438,4.4183,16.8611,81.08,0.341,0.641
17,0.5667,0.1597,2.6183,13.4653,81.04,0.333,0.637
18,0.6000,0.6069,1.5087,15.6597,81.04,0.215,0.732
19,0.6333,1.0547,1.8211,15.6806,80.90,0.251,0.704
20,0.6667,2.2932,3.5646,27.0278,81.04,0.439,0.731
21,0.7000,0.9130,3.8633,28.0486,79.57,0.293,0.641
22,0.7333,0.5302,3.9855,28.1528,79.38,0.410,0.574
23,0.7667,0.5535,3.9778,27.4236,79.28,0.334,0.631
24,0.8000,1.6930,3.3139,20.0000,79.43,0.386,0.718
25,0.8333,0.9586,3.0830,20.0347,80.14,0.253,0.699
26,0.8667,0.5626,2.8723,20.6111,80.16,0.290,0.658
27,0.9000,0.5859,3.3089,19.9444,80.05,0.278,0.660
28,0.9333,0.7416,3.0779,21.8125,80.10,0.231,0.695
29,0.9667,0.4734,3.1551,24.1528,80.20,0.260,0.668
30,1.0000,0.6505,2.9334,21.6944,80.26,0.248,0.668
31,1.0333,0.6727,2.7354,21.3611,80.14,0.273,0.649
32,1.0667,0.4452,1.7282,15.2083,80.18,0.332,0.618
33,1.1000,0.5492,2.0833,15.7014,80.12,0.314,0.636
34,1.1333,0.4372,2.1968,16.4931,80.11,0.380,0.603
35,1.1667,0.1673,2.0775,14.4097,79.96,0.422,0.552
36,1.2000,0.2439,1.7933,12.6042,80.04,0.310,0.628
37,1.2333,0.2602,1.7049,11.9097,80.01,0.315,0.620
38,1.2667,0.2211,1.6976,13.4583,80.04,0.344,0.606
39,1.3000,0.6023,1.9301,13.8056,79.95,0.441,0.736
40,1.3333,0.1773,1.7631,13.8125,80.18,0.279,0.663
41,1.3667,0.0849,1.5297,13.8333,80.14,0.332,0.626
42,1.4000,0.1124,1.3269,13.8333,80.15,0.331,0.613
43,1.4333,0.1874,1.1363,13.8333,80.10,0.289,0.664
44,1.4667,0.1226,0.9913,13.8333,80.16,0.278,0.674
45,1.5000,0.2325,0.9845,13.8333,80.15,0.252,0.681
46,1.5333,0.3075,1.1642,13.8333,80.18,0.250,0.681
47,1.5667,0.3083,0.8755,12.0208,80.11,0.303,0.665
48,1.6000,0.3888,1.0180,14.1389,80.17,0.263,0.686
49,1.6333,0.6755,1.5153,14.7153,80.17,0.416,0.712
50,1.6667,0.1882,1.6166,14.9514,80.01,0.405,0.593
51,1.7000,0.2792,1.7262,14.3403,79.98,0.432,0.564
52,1.7333,0.2636,1.8641,14.2847,80.10,0.422,0.569
53,1.7667,0.2252,1.9392,13.2361,80.11,0.430,0.567
54,1.8000,0.3880,2.0095,12.6806,80.17,0.382,0.610
55,1.8333,0.4954,2.0513,12.6736,80.15,0.392,0.608
56,1.8667,0.3360,2.0641,12.7083,80.27,0.405,0.595
57,1.9000,1.7077,3.0011,25.9722,80.25,0.475,0.715
58,1.9333,0.5463,3.2484,25.9792,81.11,0.392,0.587
59,1.9667,0.3495,3.2887,25.9792,81.07,0.405,0.581
60,2.0000,0.4540,3.3418,25.9792,81.18,0.389,0.584
61,2.0333,0.4377,3.4426,25.9792,81.19,0.412,0.557
62,2.0667,0.3473,3.4998,25.9444,81.27,0.437,0.542
63,2.1000,0.5439,3.5188,25.9375,81.19,0.436,0.547
64,2.1333,0.5700,3.7163,25.9444,81.30,0.450,0.538
65,2.1667,0.3532,2.5043,16.9306,81.27,0.449,0.542
66,2.2000,0.5592,2.5281,15.5069,81.30,0.438,0.546
67,2.2333,0.5233,2.6251,15.5556,81.24,0.418,0.568
68,2.2667,0.4245,2.6878,14.9861,81.30,0.418,0.583
69,2.3000,1.4316,3.6262,22.3889,81.24,0.469,0.688
70,2.3333,0.6615,3.8546,24.5347,80.73,0.419,0.580
71,2.3667,0.3563,3.7219,25.9861,80.61,0.422,0.580
72,2.4000,0.4784,3.6859,28.2292,80.71,0.439,0.561
73,2.4333,0.3288,3.6695,27.4028,80.69,0.473,0.506
74,2.4667,0.2769,3.5291,25.5278,80.70,0.462,0.524
75,2.5000,0.3397,3.3529,22.5556,80.62,0.463,0.546
76,2.5333,0.3101,3.2467,18.1181,80.73,0.456,0.540
77,2.5667,0.1748,2.1928,16.0139,80.70,0.486,0.501
78,2.6000,0.2170,1.9413,14.4792,80.71,0.479,0.510
79,2.6333,0.1291,1.7989,15.4236,80.62,0.484,0.471
80,2.6667,0.1199,1.5741,14.0069,80.65,0.476,0.479
81,2.7000,0.2390,1.4477,15.4097,80.62,0.487,0.438
82,2.7333,0.3363,1.4079,18.0208,80.60,0.474,0.472
83,2.7667,0.2898,1.2293,17.2708,80.49,0.461,0.497
84,2.8000,0.4210,1.2505,17.0486,80.52,0.460,0.489
85,2.8333,0.3485,1.3062,18.7431,80.43,0.466,0.478
86,2.8667,0.2093,1.3981,19.1528,80.41,0.475,0.486
87,2.9000,0.2042,1.4602,19.4236,80.31,0.462,0.491
88,2.9333,0.8369,2.0222,18.5417,80.30,0.480,0.500
89,2.9667,0.1698,1.8697,16.6736,80.29,0.455,0.505
90,3.0000,0.2163,1.6190,12.7917,80.38,0.442,0.511
91,3.0333,1.0200,2.1471,21.4792,80.39,0.493,0.703
92,3.0667,0.1802,2.0882,21.4653,79.99,0.471,0.460
93,3.1000,0.2848,2.3531,21.4653,79.99,0.488,0.423
94,3.1333,0.2482,2.5347,21.4653,80.03,0.491,0.423
95,3.1667,0.1119,2.5411,21.4653,80.03,0.487,0.439
96,3.2000,0.1348,1.9245,21.2014,80.05,0.482,0.460
97,3.2333,0.1700,1.8149,21.1667,80.03,0.507,0.438
98,3.2667,0.1392,1.7157,21.1875,80.04,0.505,0.444
99,3.3000,0.1345,0.8164,10.4722,80.00,0.504,0.445
100,3.3333,0.1364,0.8095,9.9653,79.99,0.495,0.473
101,3.3667,0.1698,0.7168,7.6944,79.95,0.487,0.455
102,3.4000,0.2395,0.7222,8.0069,80.01,0.494,0.444
103,3.4333,0.2243,0.7901,10.9028,80.03,0.496,0.447
104,3.4667,0.9531,1.5892,22.0486,80.08,0.504,0.719
105,3.5000,0.1882,1.6859,22.0486,80.54,0.474,0.484
106,3.5333,0.1577,1.7809,22.0486,80.61,0.477,0.480
107,3.5667,0.1529,1.8457,22.0486,80.58,0.479,0.486
108,3.6000,0.1801,1.8799,22.0486,80.60,0.493,0.488
109,3.6333,0.1822,1.8912,21.9931,80.52,0.505,0.473
110,3.6667,0.1340,1.8404,22.0139,80.55,0.506,0.463
111,3.7000,0.2359,1.8830,22.0139,80.51,0.509,0.447
112,3.7333,1.1240,2.0832,24.2361,80.54,0.509,0.701
113,3.7667,0.1760,2.0615,24.2431,79.88,0.494,0.483
114,3.8000,0.1543,2.0881,24.2431,79.94,0.501,0.467
115,3.8333,0.1632,2.1069,24.2431,79.93,0.491,0.472
116,3.8667,0.1512,2.1387,24.2431,79.95,0.495,0.484
117,3.9000,0.1612,2.1088,24.1875,79.90,0.504,0.497
118,3.9333,0.1440,2.1221,24.1806,79.95,0.504,0.491
119,3.9667,0.1196,2.0153,24.1806,79.91,0.517,0.491
120,4.0000,0.8928,1.8001,19.0417,79.93,0.515,0.715
121,4.0333,0.1470,1.7564,19.0347,80.38,0.502,0.483
122,4.0667,0.1069,1.7166,19.0417,80.44,0.508,0.471
123,4.1000,0.1117,1.6791,19.0486,80.43,0.505,0.472
124,4.1333,0.1221,1.6624,19.0347,80.45,0.512,0.477
125,4.1667,0.0541,1.5664,19.0347,80.39,0.530,0.440
126,4.2000,0.0370,1.4711,19.0347,80.42,0.508,0.431
127,4.2333,0.0380,1.4000,19.0347,80.42,0.523,0.431
128,4.2667,0.0477,0.5768,9.1181,80.42,0.498,0.433
129,4.3000,0.1018,0.4808,7.2014,80.39,0.484,0.492
130,4.3333,0.1238,0.4558,6.2292,80.44,0.434,0.579
131,4.3667,0.1617,0.4776,5.5625,80.43,0.401,0.626
132,4.4000,0.2503,0.5842,10.7847,80.43,0.370,0.675
133,4.4333,0.2704,0.7267,14.8125,80.32,0.328,0.719
134,4.4667,1.1864,1.8257,24.2917,80.32,0.499,0.754
135,4.5000,0.2955,1.8957,23.9375,80.93,0.319,0.698
136,4.5333,0.3440,1.9738,25.5625,80.90,0.306,0.681
137,4.5667,0.2727,1.9505,27.0208,80.81,0.325,0.660
138,4.6000,0.3090,2.0160,29.0556,80.84,0.329,0.643
139,4.6333,0.2684,2.1861,30.7014,80.87,0.303,0.660
140,4.6667,0.1809,2.2709,29.4792,80.84,0.368,0.598
141,4.7000,0.1400,2.1919,24.5278,80.80,0.372,0.584
142,4.7333,0.1340,1.1697,15.9931,80.82,0.360,0.587
143,4.7667,0.1340,1.0017,11.8264,80.80,0.338,0.618
144,4.8000,0.2612,0.7842,8.1389,80.81,0.280,0.675
145,4.8333,0.3161,0.6974,10.3403,80.81,0.271,0.701
146,4.8667,0.2611,0.7130,10.1250,80.92,0.279,0.704
147,4.9000,0.3020,0.8735,12.7292,80.91,0.289,0.698
148,4.9333,0.3269,1.1300,18.8750,81.00,0.315,0.688
149,4.9667,0.2053,1.2072,20.8403,81.01,0.345,0.670
150,5.0000,0.2845,1.3612,21.2153,81.09,0.318,0.717
151,5.0333,0.3033,1.4569,27.2639,81.11,0.339,0.734
152,5.0667,0.2191,1.4211,27.5347,81.10,0.363,0.695
153,5.1000,2.1335,3.0588,32.8264,81.04,0.499,0.746
154,5.1333,0.1973,3.0224,32.6875,79.79,0.437,0.575
155,5.1667,0.1135,2.8957,32.0208,79.76,0.472,0.512
156,5.2000,0.1425,2.7968,30.4375,79.77,0.452,0.541
157,5.2333,0.1496,2.7648,29.5347,79.71,0.511,0.479
158,5.2667,0.6037,2.4284,27.8681,79.78,0.507,0.706
159,5.3000,0.1268,2.3952,23.1042,79.87,0.514,0.470
160,5.3333,0.1225,2.4045,22.6875,79.92,0.493,0.495
161,5.3667,0.0316,1.2080,11.4306,79.87,0.474,0.516
162,5.4000,0.1032,1.1408,11.4306,79.87,0.545,0.482
163,5.4333,68.8772,69.1326,114.8472,79.87,0.510,0.427
164,5.4667,1.6592,68.9733,114.8472,27.04,0.288,0.411
165,5.5000,3.3128,69.4303,114.8472,27.30,0.369,0.485
166,5.5333,3.8180,69.2881,114.8472,28.50,0.389,0.384
167,5.5667,2.2013,69.7575,114.9236,29.52,0.473,0.402
168,5.6000,3.5487,69.9148,115.6250,30.33,0.490,0.417
169,5.6333,6.0017,70.4110,109.1250,31.05,0.511,0.434
170,5.6667,2.5312,70.5398,109.3403,32.72,0.528,0.480
171,5.7000,5.3692,13.4015,74.2431,32.87,0.508,0.471
172,5.7333,7.4807,15.9450,76.6875,34.71,0.535,0.441
173,5.7667,2.6249,16.2206,93.8125,36.87,0.561,0.432
174,5.8000,3.1704,17.1669,106.6944,37.59,0.525,0.424
175,5.8333,3.6797,17.3551,101.0764,38.46,0.521,0.414
176,5.8667,1.2466,17.2176,102.1944,38.80,0.524,0.433
177,5.9000,2.1203,17.1296,103.6667,38.92,0.534,0.396
178,5.9333,3.2691,16.7454,110.4792,38.98,0.541,0.399
179,5.9667,1.1414,15.7055,114.4583,39.17,0.562,0.390
180,6.0000,1.6744,13.7794,104.8958,39.48,0.549,0.355
181,6.0333,1.7580,13.6348,109.2986,39.95,0.524,0.377
182,6.0667,0.7470,12.3806,108.7708,39.98,0.550,0.417
183,6.1000,1.3102,10.6757,103.5694,39.89,0.549,0.395
184,6.1333,1.5037,10.6354,103.8611,40.03,0.519,0.369
185,6.1667,0.6070,9.7286,94.8125,40.13,0.538,0.382
186,6.2000,0.9729,7.8729,74.9931,40.37,0.516,0.382
187,6.2333,1.9312,8.4588,77.1736,40.35,0.518,0.497
188,6.2667,0.4659,7.5277,60.5069,40.04,0.514,0.431
189,6.3000,0.6850,6.7116,51.2222,40.05,0.533,0.339
190,6.3333,1.3992,7.1887,53.8611,39.92,0.510,0.399
191,6.3667,0.3062,6.4553,50.1944,39.82,0.520,0.397
192,6.4000,0.7398,5.9759,53.8056,39.89,0.516,0.392
193,6.4333,1.1552,6.0100,58.6389,39.87,0.510,0.515
194,6.4667,0.3520,5.5801,51.5764,40.06,0.417,0.373
195,6.5000,0.9999,5.2610,52.4583,39.90,0.479,0.399
196,6.5333,0.9529,5.6286,56.6944,39.90,0.502,0.395
197,6.5667,0.5516,5.4123,54.3681,40.23,0.495,0.437
198,6.6000,0.7642,4.9462,46.4444,40.13,0.479,0.419
199,6.6333,0.7388,5.1668,50.7431,40.11,0.468,0.418
200,6.6667,0.3003,4.8076,48.7292,40.21,0.426,0.348
201,6.7000,0.6482,4.2434,50.0556,40.06,0.461,0.416
202,6.7333,0.9934,4.7645,69.2222,40.15,0.484,0.383
203,6.7667,0.4936,4.2917,69.9028,39.81,0.506,0.465
204,6.8000,0.2398,3.8118,56.6250,39.75,0.519,0.346
205,6.8333,1.1997,4.2242,65.5972,39.76,0.424,0.416
206,6.8667,0.1159,3.8280,58.9306,39.73,0.511,0.344
207,6.9000,0.7463,3.8030,56.1111,39.70,0.456,0.398
208,6.9333,0.7909,4.1247,59.6389,40.13,0.489,0.554
209,6.9667,0.1939,3.8546,55.2153,40.03,0.444,0.328
210,7.0000,0.4421,3.3439,36.6389,40.14,0.469,0.470
211,7.0333,0.8006,3.6185,39.0139,40.24,0.417,0.385
212,7.0667,0.3641,3.6079,37.1944,40.48,0.517,0.516
213,7.1000,0.5488,3.1415,32.1597,40.49,0.415,0.424
214,7.1333,0.4603,3.2786,31.2639,40.69,0.446,0.454
215,7.1667,0.1237,2.9082,25.4722,40.57,0.526,0.506
216,7.2000,0.3355,2.3873,23.8681,40.63,0.521,0.512
217,7.2333,0.3480,2.3964,20.8542,40.60,0.525,0.540
218,7.2667,0.3586,2.3804,19.5069,40.63,0.530,0.532
219,7.3000,0.1382,1.8919,16.1667,40.59,0.506,0.498
220,7.3333,0.5855,1.9540,18.1528,40.57,0.529,0.564
221,7.3667,0.0392,1.6290,16.4653,40.65,0.509,0.325
222,7.4000,0.3186,1.5027,17.2153,40.65,0.525,0.546
223,7.4333,0.4280,1.5928,19.4653,40.67,0.537,0.472
224,7.4667,0.6992,2.2006,17.9306,40.76,0.497,0.756
225,7.5000,0.2542,2.1210,17.5764,41.11,0.538,0.589
226,7.5333,0.2558,2.0767,17.4167,41.17,0.536,0.590
227,7.5667,0.2511,2.0800,18.5556,41.25,0.542,0.593
228,7.6000,0.5957,2.0763,16.8611,41.27,0.538,0.609
229,7.6333,0.5498,1.9986,16.8403,41.25,0.544,0.608
230,7.6667,0.0133,1.8615,14.4028,41.34,0.519,0.548
231,7.7000,0.2356,1.6607,13.5278,41.35,0.532,0.595
232,7.7333,0.2921,0.9914,15.1042,41.34,0.538,0.599
233,7.7667,0.2210,0.9278,14.4931,41.35,0.528,0.584
234,7.8000,0.0091,0.8559,13.1944,41.31,0.503,0.537
235,7.8333,0.3704,0.8865,13.4931,41.31,0.535,0.591
236,7.8667,0.0331,0.8799,11.5625,41.25,0.531,0.598
237,7.9000,0.2081,0.8448,10.5972,41.27,0.531,0.581
238,7.9333,0.2107,0.9094,10.6181,41.21,0.532,0.579
239,7.9667,0.0371,0.8609,10.2153,41.14,0.518,0.585
240,8.0000,0.2360,0.8532,10.6389,41.12,0.520,0.573
241,8.0333,0.2446,0.8917,11.0486,41.08,0.528,0.577
242,8.0667,0.2452,1.0030,12.7708,41.00,0.519,0.574
243,8.1000,0.2856,1.0393,14.3750,40.95,0.517,0.569
244,8.1333,1.0913,1.9750,18.1806,40.85,0.503,0.717
245,8.1667,0.0204,1.9106,18.1528,40.48,0.502,0.589
246,8.2000,0.2620,1.9537,18.1528,40.47,0.512,0.573
247,8.2333,0.2898,2.0820,20.2917,40.46,0.507,0.575
248,8.2667,0.2898,2.1276,21.7361,40.37,0.512,0.566
249,8.3000,0.0052,2.0243,20.2153,40.37,0.493,0.477
250,8.3333,0.5793,2.2267,22.7500,40.37,0.505,0.564
251,8.3667,0.0533,2.1109,20.1319,40.34,0.520,0.555
252,8.4000,0.3169,1.3234,18.7153,40.36,0.510,0.561
253,8.4333,0.3021,1.4329,20.0278,40.30,0.508,0.568
254,8.4667,0.4413,1.7292,18.2153,40.28,0.503,0.751
255,8.5000,0.3040,1.7429,19.2847,40.18,0.510,0.568
256,8.5333,0.3137,1.7692,19.9931,40.17,0.514,0.568
257,8.5667,0.3107,1.9080,21.6111,40.17,0.521,0.570
258,8.6000,0.3547,1.8003,20.2431,40.18,0.518,0.565
259,8.6333,0.3474,1.9556,22.4097,40.13,0.529,0.575
260,8.6667,0.4834,1.8376,21.1181,40.15,0.494,0.755
261,8.7000,0.3434,1.8524,21.2500,40.37,0.525,0.571
262,8.7333,0.3467,2.0280,22.6667,40.37,0.525,0.573
263,8.7667,0.3350,2.0318,22.4653,40.31,0.536,0.572
264,8.8000,0.0333,1.9220,21.8889,40.35,0.451,0.565
265,8.8333,0.6569,2.0859,23.0278,40.34,0.535,0.571
266,8.8667,0.0334,1.9532,22.6042,40.36,0.393,0.550
267,8.9000,0.3810,1.9826,22.7500,40.34,0.525,0.577
268,8.9333,0.6820,1.9499,23.8194,40.30,0.517,0.551
269,8.9667,0.0526,1.8411,23.0000,40.11,0.486,0.587
270,9.0000,0.3282,1.8422,23.1042,40.12,0.557,0.572
271,9.0333,0.5498,2.0258,24.2708,40.16,0.533,0.640
272,9.0667,0.3576,2.1475,25.1319,40.15,0.549,0.577
273,9.1000,0.3479,2.0316,23.4236,40.10,0.544,0.569
274,9.1333,0.3712,2.1756,24.0833,40.11,0.543,0.571
275,9.1667,0.0840,2.0496,22.6736,40.07,0.536,0.604
276,9.2000,0.3446,1.7789,22.4028,40.12,0.563,0.587
277,9.2333,0.8421,2.0323,28.4653,40.09,0.537,0.579
278,9.2667,0.5232,2.0594,30.3889,40.13,0.570,0.591
279,9.3000,0.8141,1.6718,27.1458,39.95,0.543,0.579
280,9.3333,0.7049,1.8382,32.5556,39.95,0.559,0.575
281,9.3667,0.0234,1.6889,30.3819,39.92,0.521,0.581
282,9.4000,0.4698,1.6845,32.3611,39.92,0.556,0.578
283,9.4333,170.0303,169.8224,241.0694,39.88,0.491,0.503
284,9.4667,0.8706,170.0562,241.0625,206.92,0.508,0.414
285,9.5000,2.4615,170.3683,242.6042,207.13,0.511,0.390
286,9.5333,3.8299,171.2908,246.1875,207.45,0.506,0.380
287,9.5667,2.4489,171.8800,246.9653,208.00,0.511,0.373
288,9.6000,6.2880,173.2023,246.4097,208.43,0.518,0.381
289,9.6333,8.6879,174.8177,246.5000,209.27,0.528,0.376
290,9.6667,5.6173,175.7390,246.5069,210.49,0.523,0.351
291,9.7000,13.7288,28.2451,97.5625,211.26,0.527,0.340
292,9.7333,17.3403,34.7615,103.3819,213.39,0.535,0.326
293,9.7667,10.6570,38.0117,121.1944,216.16,0.521,0.314
294,9.8000,16.6092,42.3945,138.8264,217.49,0.531,0.324
295,9.8333,11.5587,43.9842,144.1250,218.50,0.535,0.374
296,9.8667,5.2070,42.8214,147.5417,217.68,0.521,0.353
297,9.9000,7.0994,41.7407,146.4375,217.25,0.488,0.396
298,9.9333,5.2424,41.1149,142.2431,217.29,0.488,0.394
299,9.9667,2.1676,37.1757,122.5347,217.44,0.481,0.379
300,10.0000,3.1030,31.6914,119.9236,217.50,0.486,0.375
301,10.0333,2.7117,28.3379,116.3264,217.49,0.454,0.411
302,10.0667,0.9651,23.6580,113.4861,218.14,0.472,0.472
303,10.1000,1.9401,19.3549,90.9028,218.08,0.497,0.432
304,10.1333,2.2696,17.6070,68.0417,218.17,0.520,0.466
305,10.1667,0.0614,13.5061,56.7292,218.87,0.509,0.521
306,10.2000,1.4947,9.7488,54.3194,218.89,0.626,0.468
307,10.2333,1.5434,8.7988,51.5278,217.93,0.606,0.409
308,10.2667,0.0434,6.3894,46.8194,218.80,0.471,0.566
309,10.3000,1.2144,4.6510,45.2361,218.79,0.673,0.363
310,10.3333,1.7314,4.5711,46.3611,217.89,0.673,0.491
311,10.3667,0.0495,3.9257,47.6528,219.21,0.549,0.512
312,10.4000,0.2651,2.7501,33.0139,219.21,0.577,0.560
313,10.4333,0.3832,2.9081,34.7708,219.25,0.554,0.571
314,10.4667,0.0470,2.8278,43.7569,219.34,0.549,0.608
315,10.5000,1.1382,2.5088,24.0069,219.33,0.569,0.730
316,10.5333,0.5166,2.8902,25.2569,219.30,0.516,0.459
317,10.5667,0.3211,3.5748,42.5347,219.32,0.481,0.409
318,10.6000,0.7025,3.0454,19.0833,219.38,0.458,0.340
319,10.6333,1.5477,4.3494,29.6875,219.34,0.519,0.524
320,10.6667,0.7538,4.8127,27.4514,219.64,0.466,0.384
321,10.7000,2.3126,6.1713,25.8889,219.58,0.478,0.454
322,10.7333,25.9091,27.3019,129.1528,219.44,0.499,0.599
323,10.7667,4.9217,26.1840,128.7222,232.72,0.671,0.796
324,10.8000,6.0143,24.6566,74.7014,229.39,0.369,0.678
325,10.8333,4.4132,25.9722,80.9583,226.16,0.453,0.431
326,10.8667,2.7875,26.7112,83.7917,225.66,0.463,0.457
327,10.9000,4.6691,27.9266,87.8056,225.28,0.447,0.434
328,10.9333,4.2068,28.6828,92.2292,224.95,0.443,0.447
329,10.9667,1.8257,28.2619,90.0903,224.58,0.438,0.456
330,11.0000,3.1544,23.1713,134.0972,224.47,0.475,0.467
331,11.0333,1.8634,19.6855,109.8889,224.33,0.444,0.421
332,11.0667,0.7928,16.6272,57.3750,224.30,0.455,0.438
333,11.1000,1.1892,15.1504,52.0486,224.20,0.452,0.431
334,11.1333,1.0894,14.4746,49.8819,224.12,0.507,0.445
335,11.1667,1.1999,12.0838,49.3750,223.81,0.304,0.297
336,11.2000,0.4030,9.3615,39.7222,223.58,0.440,0.455
337,11.2333,0.4875,8.3007,35.7361,223.62,0.470,0.521
338,11.2667,0.1912,6.1137,29.0486,223.50,0.594,0.538
339,11.3000,0.1326,4.6646,24.6528,223.52,0.487,0.535
340,11.3333,0.0811,4.0805,22.7153,223.49,0.413,0.746
341,11.3667,0.1365,3.1680,20.4167,223.52,0.503,0.697
342,11.4000,0.2879,2.4849,18.4236,223.55,0.494,0.757
343,11.4333,0.4586,1.6646,9.7153,223.48,0.623,0.611
344,11.4667,0.1280,1.4176,10.2222,223.52,0.436,0.706
345,11.5000,0.1094,1.2053,10.6250,223.53,0.497,0.647
346,11.5333,0.2934,1.2502,10.4861,223.52,0.692,0.559
347,11.5667,0.5668,1.4464,10.3472,223.54,0.673,0.334
348,11.6000,0.1336,1.4360,9.6389,223.09,0.438,0.657
349,11.6333,0.1509,1.4632,9.6458,223.13,0.419,0.680
350,11.6667,0.4265,1.2588,9.2153,223.16,0.638,0.585
351,11.7000,0.3180,1.2578,12.3125,223.21,0.345,0.695
352,11.7333,0.8418,1.6886,13.7361,223.23,0.274,0.385
353,11.7667,0.1532,1.6836,13.7361,223.32,0.345,0.736
354,11.8000,0.3816,1.6390,13.6806,223.34,0.605,0.615
355,11.8333,0.6069,1.8114,13.7431,223.29,0.472,0.746
356,11.8667,0.0411,1.7810,13.7847,223.12,0.357,0.636
357,11.9000,0.1523,1.7885,13.7292,223.14,0.468,0.632
358,11.9333,0.5889,2.0761,13.9097,223.13,0.520,0.561
359,11.9667,0.0610,2.1474,13.9375,223.09,0.488,0.679
360,12.0000,0.1163,1.4965,12.2014,223.12,0.507,0.659
361,12.0333,0.0541,1.4791,12.2014,223.15,0.511,0.678
362,12.0667,0.4386,1.5862,12.2153,223.17,0.704,0.537
363,12.1000,0.5298,1.3869,11.4583,223.27,0.454,0.437
364,12.1333,0.5175,1.7730,11.9583,223.45,0.460,0.436
365,12.1667,0.4554,2.0693,12.4236,223.48,0.468,0.446
366,12.2000,1.1436,2.8219,13.9444,223.57,0.494,0.417
367,12.2333,1.7153,4.2811,16.5556,223.59,0.446,0.427
368,12.2667,1.0467,5.1058,19.9236,223.83,0.444,0.441
369,12.3000,28.3061,30.0891,112.8889,223.83,0.540,0.585
370,12.3333,3.9518,31.4061,111.6806,221.41,0.446,0.448
371,12.3667,2.6901,31.9438,111.2361,221.75,0.445,0.449
372,12.4000,5.4996,32.9613,110.0069,222.13,0.440,0.450
373,12.4333,5.7027,33.8105,110.6181,222.45,0.449,0.450
374,12.4667,2.4650,33.9970,110.0903,223.25,0.455,0.461
375,12.5000,3.7196,34.3355,109.4097,223.52,0.465,0.447
376,12.5333,4.1743,34.5935,109.2431,223.87,0.434,0.379
377,12.5667,1.3542,20.0244,81.7014,222.39,0.513,0.460
378,12.6000,2.4189,19.6235,80.5139,222.57,0.510,0.518
379,12.6333,1.1810,18.8806,84.3333,222.50,0.521,0.432
380,12.6667,0.6260,16.4450,80.8472,222.52,0.505,0.509
381,12.7000,0.7423,13.3307,73.4097,222.38,0.553,0.492
382,12.7333,0.6243,12.1546,70.8889,222.44,0.541,0.516
383,12.7667,0.4162,9.6099,66.7778,222.40,0.561,0.567
384,12.8000,0.6832,6.4606,18.7222,222.42,0.511,0.605
385,12.8333,2.4667,6.0169,20.7917,222.57,0.449,0.595
386,12.8667,2.2551,5.9761,15.9583,222.67,0.449,0.598
387,12.9000,5.9821,10.0550,29.6667,222.85,0.441,0.581
388,12.9333,8.7903,15.8662,50.2708,222.53,0.445,0.591
389,12.9667,6.1905,19.0788,56.8542,222.24,0.424,0.580
390,13.0000,13.2990,26.2517,92.2292,222.06,0.427,0.624
391,13.0333,16.4549,33.6482,145.1111,221.06,0.416,0.631
392,13.0667,11.7013,37.5806,159.0347,219.65,0.398,0.628
393,13.1000,22.8350,46.6516,183.5694,218.83,0.393,0.633
394,13.1333,27.8786,54.9124,214.2153,216.11,0.379,0.634
395,13.1667,18.0340,56.1503,210.9444,212.72,0.412,0.654
396,13.2000,28.0439,53.1284,224.2639,212.56,0.413,0.658
397,13.2333,24.4872,47.4814,174.4097,218.16,0.429,0.660
398,13.2667,12.8342,47.3122,168.5625,223.26,0.493,0.670
399,13.3000,17.9367,46.4225,179.0556,223.86,0.483,0.695
400,13.3333,15.3077,45.1219,185.5347,224.90,0.469,0.703
401,13.3667,8.1106,48.3313,166.3889,226.36,0.452,0.654
402,13.4000,9.9817,52.1551,216.9861,226.67,0.447,0.631
403,13.4333,8.4682,52.7447,216.7222,226.12,0.433,0.607
404,13.4667,4.9577,44.8704,236.5972,225.20,0.434,0.550
405,13.5000,6.3512,33.6774,182.5764,224.98,0.430,0.585
406,13.5333,5.7442,30.2003,140.8056,224.29,0.441,0.587
407,13.5667,3.0997,25.7973,103.0833,224.68,0.438,0.448
408,13.6000,3.3920,20.5068,80.9792,224.48,0.439,0.467
409,13.6333,2.3289,18.2712,71.5625,224.40,0.468,0.366
410,13.6667,2.1362,15.1090,55.0069,224.25,0.483,0.348
411,13.7000,4.4247,11.9095,42.2222,224.34,0.452,0.526
412,13.7333,6.5074,9.7760,30.7569,224.29,0.454,0.569
413,13.7667,5.5679,9.5110,34.5486,224.40,0.464,0.563
414,13.8000,8.3574,10.5590,47.8125,224.32,0.483,0.600
415,13.8333,9.8620,14.1481,70.2361,224.22,0.500,0.595
416,13.8667,8.3676,15.8244,84.6181,223.66,0.516,0.592
417,13.9000,11.7856,20.0275,125.1250,223.57,0.542,0.587
418,13.9333,61.2177,61.0210,238.4236,223.05,0.574,0.597
419,13.9667,17.7605,62.6494,239.5069,207.17,0.580,0.604
420,14.0000,35.3753,65.4711,243.9722,205.66,0.552,0.632
421,14.0333,36.0317,61.6452,246.7778,203.09,0.534,0.620
422,14.0667,21.9524,58.8577,195.7569,207.63,0.535,0.590
423,14.1000,31.4433,55.0143,149.9167,210.76,0.543,0.590
424,14.1333,24.1827,52.8594,166.8542,214.77,0.503,0.552
425,14.1667,12.4352,54.2492,154.0347,215.77,0.440,0.555
426,14.2000,17.1454,42.6173,146.5278,214.79,0.466,0.583
427,14.2333,14.4205,44.3727,140.6458,214.79,0.474,0.586
428,14.2667,8.8095,50.5321,162.5764,215.42,0.473,0.559
429,14.3000,10.9567,54.7618,240.0903,215.39,0.491,0.584
430,14.3333,9.2107,54.0625,188.9792,215.66,0.499,0.561
431,14.3667,4.7247,46.0169,180.6806,215.90,0.499,0.516
432,14.4000,5.4113,38.5081,189.7014,215.92,0.495,0.511
433,14.4333,2.4298,36.3133,186.5972,216.06,0.533,0.543
434,14.4667,0.4110,28.3612,153.0000,216.07,0.856,0.617
435,14.5000,1.2793,21.7602,99.8056,216.05,0.621,0.692
436,14.5333,0.9991,18.7068,80.8333,216.15,0.637,0.675
437,14.5667,0.9179,14.9360,59.1875,216.34,0.632,0.681
438,14.6000,0.6007,10.8924,41.6458,216.38,0.676,0.702
439,14.6333,2.2236,9.8574,37.8056,216.43,0.534,0.573
440,14.6667,1.4987,6.9801,39.8194,217.58,0.610,0.722
441,14.7000,1.0927,6.0855,41.2917,217.95,0.598,0.617
442,14.7333,1.0200,6.5375,45.8472,218.02,0.616,0.648
443,14.7667,0.7058,6.1420,41.8403,218.11,0.652,0.644
444,14.8000,1.3416,6.4558,39.7431,218.18,0.564,0.705
445,14.8333,0.7035,6.3191,37.4514,218.32,0.586,0.701
446,14.8667,0.8108,6.4448,38.7431,218.33,0.552,0.640
447,14.9000,0.9109,5.8703,39.4792,218.46,0.508,0.678
448,14.9333,0.8177,5.3877,34.2708,218.48,0.514,0.566
449,14.9667,0.7114,5.2304,32.0000,218.47,0.483,0.751
450,15.0000,0.5825,5.0142,34.3194,218.58,0.510,0.679
451,15.0333,0.5086,4.9762,32.1875,218.63,0.476,0.698
452,15.0667,0.6837,4.5447,33.5139,218.62,0.480,0.770
453,15.1000,0.4826,4.3204,31.6250,218.70,0.473,0.762
454,15.1333,0.8471,4.3431,32.0486,218.59,0.476,0.768
455,15.1667,0.5909,4.1700,30.3958,218.58,0.476,0.741
456,15.2000,0.8261,4.2138,33.1806,218.64,0.441,0.730
457,15.2333,0.5023,4.0546,31.0833,218.59,0.485,0.745
458,15.2667,0.5551,3.9315,29.3889,218.57,0.476,0.761
459,15.3000,0.6427,4.1273,28.0139,218.43,0.507,0.766
460,15.3333,1.3810,4.7017,36.3403,218.42,0.471,0.774
461,15.3667,0.5386,4.6566,36.7986,218.53,0.462,0.661
462,15.4000,0.6819,4.4047,36.0347,218.59,0.459,0.586
463,15.4333,0.2538,4.2150,35.1181,218.52,0.526,0.659
464,15.4667,10.1098,10.4557,80.4861,218.50,0.540,0.871
465,15.5000,1.0043,10.8295,87.0347,213.54,0.547,0.681
466,15.5333,1.1105,10.8031,92.9514,213.26,0.525,0.749
467,15.5667,0.4637,10.9211,96.6944,213.25,0.531,0.854
468,15.6000,1.0097,11.0706,100.7431,213.15,0.541,0.713
469,15.6333,0.9421,11.0867,103.6458,212.97,0.529,0.730
470,15.6667,0.9282,10.9945,105.6944,213.02,0.545,0.718
471,15.7000,0.9436,11.0417,108.8958,213.08,0.547,0.755
472,15.7333,0.8183,5.6885,51.0694,212.99,0.557,0.792
473,15.7667,0.8111,5.6378,59.0903,213.13,0.544,0.800
474,15.8000,0.5322,5.1546,61.5139,213.19,0.549,0.776
475,15.8333,0.7765,5.3036,68.9167,213.27,0.548,0.799
476,15.8667,1.1373,5.5588,76.7292,213.34,0.523,0.787
477,15.9000,0.8778,5.3709,78.0694,213.39,0.518,0.797
478,15.9333,0.8451,5.3092,79.5139,213.46,0.530,0.817
479,15.9667,0.8453,5.3893,81.8819,213.59,0.524,0.824
480,16.0000,0.6039,5.2108,75.2292,213.66,0.505,0.706
481,16.0333,0.8225,5.2285,71.8611,213.69,0.528,0.849
482,16.0667,0.7784,5.4819,74.5417,213.87,0.518,0.842
483,16.1000,0.6117,5.4132,66.0000,213.94,0.523,0.742
484,16.1333,0.9040,5.2576,58.7292,214.04,0.536,0.748
485,16.1667,0.5404,5.1248,52.9792,214.27,0.541,0.849
486,16.2000,0.7174,5.0425,47.6042,214.31,0.552,0.784
487,16.2333,1.0297,5.1797,51.8750,214.43,0.554,0.762
488,16.2667,0.8085,5.3862,60.7083,214.56,0.566,0.743
489,16.3000,0.5400,5.0859,61.0000,214.77,0.554,0.711
490,16.3333,0.7616,4.9771,65.3333,214.80,0.575,0.768
491,16.3667,0.7594,4.9862,70.2778,214.97,0.564,0.742
492,16.4000,0.8433,4.9002,71.5486,215.03,0.556,0.732
493,16.4333,1.2523,5.5088,73.6806,215.23,0.544,0.748
494,16.4667,0.7826,5.5272,73.3750,215.24,0.566,0.728
495,16.5000,1.2884,5.7781,63.3194,215.49,0.521,0.573
496,16.5333,2.7903,7.3072,57.4722,215.50,0.516,0.581
497,16.5667,2.2836,8.9130,61.9444,215.70,0.522,0.611
498,16.6000,5.6586,13.0824,64.5069,216.08,0.508,0.580
499,16.6333,7.0128,17.6645,70.5069,216.85,0.507,0.569
500,16.6667,5.1739,20.0183,81.3125,217.57,0.509,0.576
501,16.7000,11.1970,25.0130,106.0000,218.20,0.508,0.570
502,16.7333,14.9353,30.3919,118.8194,219.23,0.510,0.571
503,16.7667,10.2388,32.9686,120.5417,220.33,0.508,0.564
504,16.8000,20.8072,37.7929,132.0278,220.90,0.513,0.562
505,16.8333,24.1887,41.2027,156.7917,222.06,0.513,0.594
506,16.8667,17.5669,42.3601,153.8889,220.80,0.498,0.600
507,16.9000,25.4945,43.5777,146.5000,220.73,0.512,0.595
508,16.9333,54.1234,40.3928,153.2986,221.72,0.537,0.543
509,16.9667,11.9523,39.6569,142.5556,216.90,0.504,0.594
510,17.0000,17.5830,39.7861,132.2014,217.47,0.510,0.614
511,17.0333,13.6317,39.9757,131.4306,217.90,0.506,0.621
512,17.0667,5.5967,42.0043,139.1528,218.31,0.509,0.616
513,17.1000,11.7080,45.2337,153.5139,218.34,0.499,0.693
514,17.1333,8.8057,45.9881,160.4931,218.46,0.500,0.710
515,17.1667,2.3902,48.3239,179.8472,218.45,0.505,0.613
516,17.2000,9.7483,29.7891,127.5694,218.37,0.507,0.795
517,17.2333,3.3885,27.6328,119.7014,218.38,0.504,0.759
518,17.2667,0.4556,24.8416,92.8333,218.45,0.497,0.573
519,17.3000,4.6596,21.2909,84.8125,218.43,0.512,0.886
520,17.3333,0.2067,19.5956,84.0694,218.53,0.493,0.678
521,17.3667,0.0678,15.7469,92.0069,218.50,0.514,0.672
522,17.4000,4.6139,12.7509,82.1667,218.51,0.551,0.843
523,17.4333,3.8930,11.4444,80.4514,218.20,0.571,0.798
524,17.4667,0.0611,8.9428,84.3264,217.95,0.522,0.516
525,17.5000,3.4877,8.1901,81.4375,217.92,0.582,0.758
526,17.5333,3.8166,8.6242,75.3750,217.65,0.544,0.763
527,17.5667,0.1087,9.4861,90.9167,217.57,0.523,0.651
528,17.6000,1.9493,9.9097,85.5625,217.62,0.578,0.697
529,17.6333,3.9788,10.6615,77.0556,217.47,0.552,0.690
530,17.6667,0.0554,11.3183,91.2917,217.43,0.538,0.547
531,17.7000,6.6851,13.4456,89.4444,217.40,0.547,0.644
532,17.7333,2.6382,14.2815,84.8819,217.47,0.534,0.607
533,17.7667,0.0349,13.9183,94.3056,217.20,0.545,0.420
534,17.8000,8.2421,16.9931,103.8056,217.21,0.524,0.581
535,17.8333,9.6319,17.0245,129.2014,215.87,0.513,0.771
536,17.8667,0.0496,16.6194,128.2708,215.00,0.587,0.286
537,17.9000,9.6888,17.1503,129.6667,214.98,0.506,0.594
538,17.9333,3.7662,16.6574,120.0278,214.81,0.504,0.555
539,17.9667,0.0335,15.9618,127.5903,215.15,0.518,0.468
540,18.0000,8.6022,13.5671,75.1875,215.16,0.484,0.565
541,18.0333,2.8455,13.2658,75.6181,215.60,0.496,0.600
542,18.0667,0.0597,13.3467,84.3542,215.42,0.493,0.499
543,18.1000,8.3069,11.8413,73.5694,215.40,0.507,0.717
544,18.1333,4.0602,12.1210,73.6806,214.62,0.514,0.768
545,18.1667,0.0455,13.4753,93.0486,214.36,0.548,0.520
546,18.2000,7.2739,12.8441,93.9236,214.37,0.511,0.748
547,18.2333,0.6540,13.3295,93.9306,213.67,0.500,0.767
548,18.2667,0.0279,12.7478,87.4444,213.45,0.533,0.623
549,18.3000,4.9890,12.1240,76.8889,213.44,0.516,0.722
550,18.3333,1.8239,12.1638,79.1944,213.07,0.522,0.718
551,18.3667,0.0990,10.8316,83.3333,212.91,0.534,0.481
552,18.4000,3.8218,9.9532,80.4514,212.95,0.514,0.803
553,18.4333,1.4365,9.9433,76.8750,212.66,0.523,0.815
554,18.4667,0.0773,8.2529,69.7222,212.63,0.498,0.385
555,18.5000,3.3734,8.4676,75.0139,212.59,0.523,0.855
556,18.5333,1.4348,8.7503,79.2639,212.54,0.522,0.858
557,18.5667,0.0541,7.8797,68.3611,212.52,0.502,0.393
558,18.6000,2.5171,7.9692,72.2778,212.53,0.522,0.865
559,18.6333,2.5224,8.3244,80.5417,212.49,0.517,0.874
560,18.6667,0.0378,7.6150,74.6111,212.63,0.520,0.570
561,18.7000,2.3547,7.8809,80.7361,212.62,0.517,0.881
562,18.7333,2.8557,8.5215,82.8333,212.72,0.512,0.865
563,18.7667,0.0486,8.0893,78.4375,212.64,0.512,0.524
564,18.8000,2.5540,8.4162,80.4375,212.67,0.514,0.884
565,18.8333,2.4074,8.6482,79.3819,212.71,0.512,0.887
566,18.8667,0.0789,8.3883,80.7222,212.75,0.512,0.684
567,18.9000,2.6153,8.4581,84.4306,212.71,0.512,0.884
568,18.9333,1.3277,8.6137,81.8333,212.78,0.513,0.892
569,18.9667,0.0258,8.1579,87.2569,212.77,0.514,0.572
570,19.0000,3.9927,8.1228,93.8958,212.77,0.514,0.905
571,19.0333,1.8325,8.1836,102.3611,212.66,0.518,0.905
572,19.0667,0.0378,7.7595,96.7083,212.58,0.513,0.537
573,19.1000,7.5120,6.9449,81.1042,212.57,0.532,0.888
574,19.1333,4.6174,7.0756,86.4583,212.61,0.520,0.886
575,19.1667,0.0916,7.5779,88.3819,212.69,0.502,0.443
576,19.2000,5.8975,7.9869,80.5347,212.73,0.529,0.874
577,19.2333,4.7600,8.6542,78.8472,212.75,0.528,0.836
578,19.2667,0.0650,8.7327,77.7431,212.74,0.510,0.467
579,19.3000,4.7964,9.6347,76.1111,212.71,0.531,0.786
580,19.3333,0.7320,9.8567,81.1806,212.87,0.500,0.754
581,19.3667,0.0374,9.8133,83.1736,213.11,0.500,0.440
582,19.4000,0.0475,9.4435,86.8958,213.13,0.504,0.424
583,19.4333,2.4023,9.7421,82.6875,213.10,0.524,0.740
584,19.4667,0.0744,9.4839,92.0694,213.25,0.503,0.564
585,19.5000,11.6525,12.7660,75.5694,213.24,0.518,0.649
586,19.5333,3.6529,13.1765,76.1667,214.89,0.519,0.588
587,19.5667,0.9859,14.1535,86.2986,215.36,0.484,0.561
588,19.6000,8.7295,16.6651,96.2569,215.37,0.507,0.587
589,19.6333,10.5241,20.7317,94.3958,216.17,0.507,0.561
590,19.6667,5.1344,22.6612,93.6458,216.86,0.503,0.562
591,19.7000,13.5482,27.6059,93.9653,216.56,0.514,0.555
592,19.7333,15.9429,32.5668,110.3958,216.68,0.527,0.568
593,19.7667,11.1678,31.6388,93.1250,216.27,0.532,0.568
594,19.8000,43.2639,45.6532,162.7986,216.07,0.536,0.450
595,19.8333,5.7326,45.9147,162.8958,232.75,0.459,0.214
596,19.8667,4.8163,45.1376,158.7431,232.27,0.410,0.214
597,19.9000,10.7020,45.7457,152.4653,231.75,0.350,0.236
598,19.9333,12.8806,49.1219,222.1736,229.59,0.277,0.283
599,19.9667,8.9234,50.3933,229.5694,225.21,0.295,0.318
600,20.0000,17.0246,52.1734,225.0208,223.13,0.287,0.360
601,20.0333,14.8956,51.6443,208.3056,221.63,0.310,0.392
602,20.0667,8.3819,32.4507,162.8056,220.84,0.317,0.410
603,20.1000,11.1835,32.1846,205.8889,221.21,0.341,0.433
604,20.1333,8.9647,32.2709,215.0069,221.90,0.366,0.456
605,20.1667,4.3254,32.0200,209.3333,222.37,0.379,0.469
606,20.2000,6.1617,33.2852,211.9931,222.65,0.396,0.477
607,20.2333,4.6330,33.5043,216.1319,222.99,0.412,0.492
608,20.2667,1.8778,30.3302,193.5972,223.25,0.411,0.497
609,20.3000,2.5474,26.4154,179.6597,223.26,0.420,0.496
610,20.3333,1.4107,23.7340,145.9167,223.47,0.420,0.497
611,20.3667,0.2817,18.4690,127.4444,223.53,0.415,0.510
612,20.4000,0.1821,13.9051,106.1667,223.55,0.469,0.496
613,20.4333,0.0248,11.7913,91.0556,223.49,0.558,0.483
614,20.4667,0.0125,8.6276,70.5833,223.52,0.597,0.504
615,20.5000,0.0111,5.4839,47.0903,223.51,0.584,0.505
616,20.5333,0.0308,4.0653,31.0139,223.51,0.551,0.483
617,20.5667,0.0254,1.8198,12.8750,223.49,0.564,0.526
618,20.6000,0.0228,0.4562,3.1181,223.50,0.491,0.483
619,20.6333,0.0215,0.1895,1.2153,223.50,0.475,0.481
620,20.6667,0.0240,0.0669,0.3958,223.51,0.550,0.516
621,20.7000,0.0047,0.0596,0.3819,223.49,0.553,0.488
622,20.7333,0.2733,0.3089,6.9792,223.49,0.499,0.736
623,20.7667,0.0263,0.3011,6.9792,223.60,0.515,0.484
624,20.8000,1.1292,1.3958,25.5347,223.59,0.748,0.439
625,20.8333,0.0025,1.4051,25.5486,222.63,0.558,0.489
626,20.8667,0.0152,1.4133,25.5417,222.63,0.634,0.490
627,20.9000,0.0167,1.4035,25.5486,222.64,0.639,0.504
628,20.9333,0.1608,1.4789,25.5694,222.63,0.540,0.485
629,20.9667,0.3244,1.7215,25.4028,222.62,0.727,0.488
630,21.0000,0.0294,1.4934,25.4375,222.44,0.556,0.507
631,21.0333,0.8438,2.0071,25.9653,222.43,0.498,0.485
632,21.0667,1.2097,2.1266,11.9792,222.52,0.503,0.488
633,21.1000,3.8098,5.0921,34.0417,222.49,0.505,0.492
634,21.1333,5.9158,8.9311,59.8333,222.67,0.491,0.496
635,21.1667,4.4475,11.1147,72.5833,223.22,0.504,0.499
636,21.2000,9.1493,15.7008,102.4653,223.56,0.494,0.512
637,21.2333,11.3385,21.6653,136.5833,224.68,0.507,0.525
638,21.2667,8.2336,24.7625,155.1736,226.61,0.550,0.537
639,21.3000,15.0104,29.3152,163.5833,227.93,0.577,0.546
640,21.3333,18.6895,33.5992,183.6806,230.64,0.629,0.506
641,21.3667,13.2276,36.0921,201.0208,232.18,0.624,0.433
642,21.4000,20.6887,40.8500,218.4306,231.11,0.625,0.387
643,21.4333,18.0800,43.8350,218.5972,228.96,0.594,0.326
644,21.4667,10.9479,44.3193,215.5347,227.55,0.509,0.297
645,21.5000,20.9754,51.7639,162.3958,226.54,0.365,0.365
646,21.5333,14.6936,56.0908,203.2153,218.22,0.395,0.354
647,21.5667,6.0986,55.0317,165.9792,213.25,0.418,0.341
648,21.6000,7.9317,53.0255,187.6181,211.40,0.427,0.344
649,21.6333,8.3349,54.3441,166.6667,208.89,0.442,0.374
650,21.6667,1.2883,52.4396,149.4722,203.81,0.441,0.363
651,21.7000,0.4149,46.1450,150.9722,203.53,0.482,0.353
652,21.7333,0.0770,42.0549,145.7986,203.39,0.343,0.266
653,21.7667,0.0523,29.2981,80.4236,203.37,0.367,0.287
654,21.8000,0.0674,19.8628,52.4861,203.35,0.335,0.269
655,21.8333,0.1596,15.7938,42.4097,203.32,0.342,0.265
656,21.8667,0.9574,10.0547,33.8125,203.24,0.469,0.237
657,21.9000,0.1504,2.6751,27.6944,203.22,0.309,0.220
658,21.9333,0.5875,1.8981,28.9792,203.22,0.372,0.436
659,21.9667,1.1186,1.7552,22.4375,203.17,0.445,0.282
660,22.0000,0.3780,1.7645,22.2500,203.12,0.308,0.269
661,22.0333,1.1226,1.7342,20.4931,203.14,0.447,0.287
662,22.0667,0.1259,1.7310,21.9653,203.10,0.335,0.297
663,22.1000,0.0654,1.7269,22.5972,203.13,0.357,0.315
664,22.1333,0.1697,0.9002,17.5764,203.12,0.331,0.297
665,22.1667,0.2620,0.8857,17.1458,203.12,0.339,0.296
666,22.2000,0.5462,0.6624,12.4444,203.10,0.343,0.307
667,22.2333,0.4972,1.4388,19.6319,203.12,0.377,0.305
668,22.2667,0.2865,1.4368,22.5139,203.16,0.428,0.285
669,22.3000,0.2337,0.5918,17.4792,203.16,0.446,0.292
670,22.3333,0.2837,0.5572,16.3611,203.15,0.449,0.286
671,22.3667,0.3417,0.8094,17.0903,203.16,0.492,0.641
672,22.4000,0.1058,0.8006,17.3958,203.08,0.462,0.286
673,22.4333,0.0423,0.7759,16.9375,203.09,0.464,0.297
674,22.4667,0.0301,0.7839,20.4097,203.09,0.457,0.356
675,22.5000,0.0251,0.7236,27.4167,203.09,0.467,0.314
676,22.5333,0.0189,0.7093,26.6250,203.09,0.482,0.281
677,22.5667,0.0200,0.6399,22.4792,203.10,0.544,0.293
678,22.6000,0.0352,0.4390,9.5417,203.09,0.466,0.298
679,22.6333,0.0796,0.1683,4.6111,203.08,0.422,0.672
680,22.6667,0.0407,0.1559,3.0764,203.14,0.375,0.428
681,22.7000,0.1172,0.2762,6.1042,203.14,0.338,0.408
682,22.7333,0.1108,0.2638,6.3056,203.14,0.336,0.406
683,22.7667,11.2597,11.4372,75.6111,203.17,0.432,0.232
684,22.8000,0.3327,11.7523,75.6528,206.17,0.466,0.715
685,22.8333,0.0849,11.6980,75.6597,206.33,0.367,0.371
686,22.8667,0.0202,11.6765,75.6667,206.32,0.455,0.357
687,22.9000,0.0156,11.6038,75.6528,206.32,0.476,0.297
688,22.9333,0.0196,11.5897,75.6667,206.31,0.484,0.313
689,22.9667,0.0100,11.6034,75.6250,206.30,0.426,0.309
690,23.0000,0.1632,11.6276,75.5833,206.30,0.492,0.725
691,23.0333,0.0105,0.4546,10.8958,206.36,0.445,0.333
692,23.0667,0.0043,0.2971,6.0694,206.36,0.439,0.361
693,23.1000,0.0086,0.2349,4.6111,206.36,0.373,0.403
694,23.1333,0.4143,0.4176,10.8542,206.35,0.497,0.762
695,23.1667,0.0030,0.4027,10.8542,206.01,0.298,0.335
696,23.2000,0.0007,0.3872,10.8542,206.01,0.490,0.279
697,23.2333,0.0033,0.3848,10.8542,206.01,0.404,0.385
698,23.2667,0.0851,0.5143,12.8472,206.01,0.430,0.387
699,23.3000,0.2656,0.7484,12.8472,206.04,0.538,0.276
700,23.3333,2.7358,3.4501,12.8333,206.11,0.509,0.289
701,23.3667,2.8677,6.2133,20.9583,206.67,0.503,0.336
702,23.4000,7.5052,12.2177,45.6250,206.67,0.504,0.289
703,23.4333,10.8434,18.6685,72.5903,208.27,0.515,0.286
704,23.4667,7.6625,21.3857,83.6736,209.72,0.513,0.282
705,23.5000,15.1100,25.5904,118.0139,211.48,0.521,0.273
706,23.5333,17.1696,32.5610,139.1389,214.42,0.519,0.265
707,23.5667,12.3493,33.5691,145.1319,218.19,0.514,0.271
708,23.6000,18.2974,35.8354,162.0903,219.70,0.501,0.257
709,23.6333,17.7913,38.4621,172.1042,224.20,0.460,0.247
710,23.6667,12.8575,36.2092,168.1042,226.77,0.459,0.247
711,23.7000,15.5304,38.5455,163.3681,228.84,0.482,0.282
712,23.7333,11.4253,40.7768,157.1389,235.42,0.565,0.383
713,23.7667,7.6676,40.0868,145.3056,238.50,0.616,0.436
714,23.8000,12.4308,39.9220,157.5694,239.09,0.643,0.482
715,23.8333,12.2892,37.8005,146.8542,238.21,0.674,0.496
716,23.8667,7.2578,33.9874,141.8681,238.25,0.640,0.588
717,23.9000,8.3615,30.9951,159.4514,239.37,0.643,0.579
718,23.9333,6.1552,27.7658,132.4861,240.91,0.657,0.499
719,23.9667,5.8639,20.9720,138.6875,242.17,0.570,0.578
720,24.0000,6.7066,17.2648,144.6736,242.52,0.593,0.539
721,24.0333,6.6159,16.0181,145.3056,242.94,0.574,0.529
722,24.0667,3.5858,16.5215,157.5694,243.46,0.567,0.513
723,24.1000,4.9055,16.6176,148.0764,243.58,0.549,0.526
724,24.1333,3.3350,15.2801,155.1181,243.74,0.540,0.542
725,24.1667,1.5646,12.7309,153.1875,244.06,0.501,0.484
726,24.2000,1.7524,10.5812,131.0625,243.82,0.520,0.487
727,24.2333,0.4869,9.3204,112.7778,244.28,0.514,0.547
728,24.2667,0.0740,8.1427,80.4167,244.28,0.506,0.580
729,24.3000,0.0865,5.8859,48.3611,244.29,0.494,0.534
730,24.3333,0.5700,7.0909,36.8472,244.23,0.405,0.489
731,24.3667,0.0520,6.1300,31.1250,244.03,0.329,0.552
732,24.4000,0.4046,3.4013,17.1389,244.03,0.335,0.327
733,24.4333,0.1158,2.6434,11.4722,244.33,0.239,0.544
734,24.4667,0.3709,1.3177,6.6111,244.36,0.358,0.319
735,24.5000,0.4416,0.8159,6.6111,244.14,0.308,0.347
736,24.5333,0.1655,0.9234,6.6111,244.51,0.267,0.538
737,24.5667,0.1615,1.0607,6.6111,244.55,0.268,0.549
738,24.6000,0.1849,1.1849,4.4792,244.62,0.264,0.531
739,24.6333,0.2554,1.3864,5.4653,244.63,0.240,0.534
740,24.6667,0.1788,1.1816,5.4375,244.74,0.357,0.551
741,24.7000,0.5273,1.5735,6.1250,244.79,0.288,0.376
742,24.7333,0.5361,1.7355,6.8681,244.62,0.290,0.379
743,24.7667,0.2317,1.5231,7.1528,244.99,0.263,0.532
744,24.8000,0.3314,1.6662,7.9097,245.04,0.253,0.545
745,24.8333,0.4171,1.8375,8.6528,245.18,0.258,0.539
746,24.8667,0.2340,1.9155,9.0486,245.28,0.317,0.541
747,24.9000,0.6976,2.3587,10.2292,245.37,0.309,0.631
748,24.9333,0.7259,2.8754,10.9028,245.71,0.260,0.417
749,24.9667,0.2513,2.6543,10.9583,245.67,0.313,0.571
750,25.0000,0.7547,2.7997,12.1597,245.70,0.263,0.420
751,25.0333,0.5876,3.1109,13.5347,246.19,0.282,0.550
752,25.0667,0.3223,3.0653,13.3194,246.38,0.278,0.549
753,25.1000,0.4563,3.0765,12.9722,246.51,0.311,0.554
754,25.1333,0.3788,3.1264,13.7014,246.55,0.415,0.594
755,25.1667,0.2093,2.6574,13.4375,246.53,0.483,0.582
756,25.2000,0.4085,2.7906,13.7569,246.56,0.399,0.582
757,25.2333,0.4563,2.8497,14.7361,246.49,0.413,0.587
758,25.2667,0.2539,2.3767,14.5903,246.50,0.437,0.570
759,25.3000,0.4863,2.1991,14.3889,246.45,0.426,0.578
760,25.3333,0.8179,2.5264,14.7639,246.45,0.439,0.649
761,25.3667,0.3073,2.4199,14.7708,246.58,0.436,0.584
762,25.4000,0.5400,2.5289,14.2917,246.57,0.417,0.578
763,25.4333,0.6024,2.6913,14.7708,246.51,0.403,0.587
764,25.4667,0.3500,2.6762,13.7431,246.52,0.428,0.565
765,25.5000,0.6457,2.7587,13.5000,246.47,0.424,0.585
766,25.5333,0.6950,2.9942,15.3819,246.47,0.404,0.578
767,25.5667,0.4005,2.9590,14.5903,246.38,0.417,0.577
768,25.6000,0.7167,2.7835,14.8403,246.35,0.402,0.570
769,25.6333,1.2393,3.4586,16.4722,246.34,0.431,0.641
770,25.6667,0.4470,3.4576,16.4167,245.90,0.416,0.572
771,25.7000,0.8422,3.5626,16.8333,245.90,0.390,0.579
772,25.7333,0.9049,3.8653,18.0556,245.84,0.407,0.569
773,25.7667,0.5110,3.7957,18.4653,245.80,0.392,0.567
774,25.8000,1.0094,3.9738,18.6597,245.71,0.415,0.569
775,25.8333,1.0868,4.3370,20.5278,245.67,0.405,0.570
776,25.8667,0.5838,4.3224,20.4028,245.55,0.403,0.564
777,25.9000,1.1555,4.1299,20.6250,245.51,0.406,0.570
778,25.9333,1.2473,4.5221,20.8194,245.38,0.410,0.568
779,25.9667,0.6812,4.4227,19.5347,245.27,0.415,0.568
780,26.0000,1.5268,4.7881,20.8472,245.25,0.477,0.530
781,26.0333,1.5985,4.9779,22.3681,244.92,0.475,0.524
782,26.0667,0.8322,4.9248,22.0833,245.02,0.425,0.551
783,26.1000,1.6026,5.2636,22.7708,244.92,0.472,0.580
784,26.1333,2.4443,6.5176,27.0764,244.70,0.529,0.637
785,26.1667,1.3201,6.4821,27.7639,244.58,0.599,0.626
786,26.2000,2.4896,6.9924,30.7708,244.50,0.592,0.625
787,26.2333,2.5664,7.6851,34.0417,244.27,0.592,0.627
788,26.2667,1.5224,7.8120,34.7708,243.94,0.586,0.625
789,26.3000,2.9322,8.1393,38.4097,243.83,0.569,0.593
790,26.3333,3.0253,8.5930,42.9514,243.29,0.578,0.597
791,26.3667,1.6702,8.6165,43.6597,243.15,0.595,0.624
792,26.4000,3.3810,9.0911,48.0347,242.91,0.589,0.640
793,26.4333,2.9956,9.8688,52.2986,242.26,0.589,0.618
794,26.4667,1.7066,9.9363,51.7292,241.87,0.578,0.619
795,26.5000,3.1666,10.2472,52.9236,241.62,0.581,0.619
796,26.5333,3.2844,10.8150,55.0208,241.20,0.587,0.617
797,26.5667,1.9027,10.7358,55.2639,240.69,0.577,0.616
798,26.6000,3.4029,11.1015,58.4583,240.44,0.572,0.617
799,26.6333,3.5060,11.7160,58.4167,239.78,0.573,0.614
800,26.6667,1.9423,11.1749,53.9236,239.18,0.570,0.612
801,26.7000,3.7265,11.3424,45.9167,238.94,0.551,0.594
802,26.7333,3.5316,11.5014,45.8125,238.14,0.541,0.592
803,26.7667,1.8676,11.5017,44.9514,237.64,0.545,0.602
804,26.8000,3.5268,11.6376,43.9097,237.40,0.551,0.603
805,26.8333,3.7909,12.1198,43.5347,236.76,0.553,0.594
806,26.8667,2.0798,11.8238,41.0000,236.09,0.598,0.544
807,26.9000,3.6411,12.0939,41.1319,235.73,0.573,0.570
808,26.9333,3.6246,12.3558,46.4653,235.13,0.550,0.559
809,26.9667,1.7993,11.8533,45.9236,234.42,0.562,0.565
810,27.0000,3.1236,11.6914,37.9514,234.20,0.557,0.577
811,27.0333,3.1294,11.9383,39.1597,233.68,0.559,0.574
812,27.0667,1.5067,11.6589,38.0556,233.22,0.549,0.571
813,27.1000,2.6942,11.3154,34.8542,232.92,0.553,0.576
814,27.1333,2.5649,11.2687,37.7569,232.54,0.548,0.572
815,27.1667,1.2756,10.9434,43.3403,232.03,0.551,0.571
816,27.2000,2.2620,10.6941,36.5972,231.84,0.538,0.569
817,27.2333,6.0105,14.0851,61.3611,231.32,0.462,0.474
818,27.2667,1.5779,13.6023,58.1528,227.01,0.496,0.547
819,27.3000,2.7087,13.1340,56.8472,226.79,0.500,0.524
820,27.3333,2.6069,13.4501,60.2361,226.41,0.510,0.522
821,27.3667,1.2903,13.0183,59.2083,225.97,0.492,0.516
822,27.4000,2.4360,12.7345,56.6319,225.86,0.496,0.515
823,27.4333,2.3409,12.7905,55.1319,225.51,0.501,0.513
824,27.4667,1.1821,12.1979,54.5972,225.18,0.501,0.510
825,27.5000,2.0295,12.3143,63.2292,224.91,0.493,0.508
826,27.5333,2.0276,12.6047,61.6736,224.72,0.494,0.503
827,27.5667,0.9575,11.7654,53.8333,224.41,0.483,0.497
828,27.6000,1.9400,11.2257,49.3889,224.33,0.497,0.502
829,27.6333,5.5688,12.8877,64.8403,224.00,0.420,0.459
830,27.6667,0.9450,12.3171,65.9167,219.60,0.503,0.497
831,27.7000,1.8364,12.2361,64.1389,219.53,0.505,0.493
832,27.7333,1.8482,12.6694,62.6806,219.26,0.499,0.508
833,27.7667,0.8245,12.0994,59.5069,219.14,0.506,0.495
834,27.8000,1.5518,11.6995,59.9306,219.02,0.511,0.487
835,27.8333,1.4779,11.7822,59.3472,218.81,0.505,0.490
836,27.8667,0.7049,10.9646,60.4653,218.58,0.509,0.495
837,27.9000,1.3945,9.4436,49.2153,218.57,0.510,0.487
838,27.9333,1.3424,9.7165,50.5278,218.35,0.498,0.482
839,27.9667,0.6780,8.8419,44.9236,218.25,0.510,0.494
840,28.0000,1.2301,8.4085,41.6875,218.09,0.498,0.478
841,28.0333,3.4462,10.3088,45.1806,218.03,0.683,0.533
842,28.0667,5.7622,14.3816,99.7222,215.35,0.742,0.555
843,28.1000,5.9635,19.0691,166.3264,210.15,0.728,0.542
844,28.1333,3.3915,21.8204,200.6389,204.92,0.700,0.532
845,28.1667,0.5673,21.1577,200.6667,202.28,0.535,0.493
846,28.2000,0.9425,20.7503,200.6528,202.21,0.532,0.492
847,28.2333,0.9801,20.8553,200.6597,202.15,0.531,0.491
848,28.2667,0.5689,20.2294,200.6319,202.00,0.560,0.487
849,28.3000,0.8522,17.4345,168.0625,202.03,0.525,0.489
850,28.3333,1.6487,12.2990,100.8542,201.94,0.613,0.512
851,28.3667,0.5214,7.6279,34.3403,202.60,0.538,0.492
852,28.4000,0.8056,6.0418,30.3264,202.50,0.536,0.487
853,28.4333,0.7401,6.1914,31.6528,202.51,0.526,0.486
854,28.4667,0.3783,5.6730,31.0347,202.41,0.532,0.481
855,28.5000,0.6084,5.3520,30.0069,202.41,0.514,0.492
856,28.5333,0.5785,5.4134,29.1319,202.30,0.525,0.489
857,28.5667,0.5218,5.0073,29.2431,202.24,0.526,0.566
858,28.6000,0.4680,4.2713,21.5694,202.31,0.517,0.495
859,28.6333,14.7257,17.9966,202.7153,202.22,0.763,0.548
860,28.6667,0.2342,17.5485,202.6875,216.54,0.524,0.463
861,28.7000,0.3464,17.2630,202.8403,216.50,0.479,0.467
862,28.7333,0.3987,17.2737,202.8125,216.48,0.471,0.469
863,28.7667,0.2205,16.9636,202.8819,216.34,0.485,0.449
864,28.8000,0.2759,16.7002,202.9306,216.40,0.544,0.464
865,28.8333,0.3891,16.4303,202.9444,216.34,0.561,0.443
866,28.8667,0.1954,16.2198,203.0278,216.35,0.488,0.488
867,28.9000,0.7101,2.3407,16.5972,216.28,0.544,0.600
868,28.9333,0.3210,2.2645,13.5764,216.20,0.611,0.447
869,28.9667,0.1059,2.0410,13.0694,216.11,0.505,0.451
870,29.0000,0.3341,1.8870,12.3819,216.12,0.677,0.410
871,29.0333,0.3190,1.7516,12.1319,215.93,0.777,0.354
872,29.0667,0.0564,1.5896,11.9236,216.00,0.519,0.464
873,29.1000,0.2169,1.3571,11.7917,215.98,0.829,0.257
874,29.1333,0.1391,1.1942,11.6181,216.05,0.641,0.327
875,29.1667,0.0911,0.6669,5.9236,216.04,0.561,0.449
876,29.2000,0.4895,0.3484,4.9861,216.08,0.476,0.439
877,29.2333,1.7932,2.1015,9.4236,216.14,0.494,0.442
878,29.2667,1.3568,3.5851,15.6042,216.32,0.489,0.446
879,29.3000,4.0392,7.1928,34.0972,216.40,0.493,0.471
880,29.3333,4.9361,11.0720,51.3403,216.77,0.498,0.453
881,29.3667,3.3189,12.6602,55.9722,217.19,0.497,0.459
882,29.4000,7.3244,15.7706,69.0139,217.58,0.501,0.467
883,29.4333,8.9618,17.8062,64.1944,218.26,0.501,0.477
884,29.4667,5.3707,18.4417,66.8472,219.18,0.494,0.482
885,29.5000,10.9740,21.9636,94.2083,219.72,0.508,0.497
886,29.5333,12.1777,27.3953,122.6458,221.00,0.509,0.515
887,29.5667,8.2900,28.7831,130.4236,222.53,0.505,0.524
888,29.6000,14.2547,31.5594,143.6042,223.37,0.505,0.540
889,29.6333,15.8426,35.0433,123.3681,225.18,0.512,0.554
890,29.6667,11.4810,36.0675,114.2083,227.00,0.511,0.541
891,29.7000,18.3686,39.8551,118.0486,227.66,0.503,0.509
892,29.7333,19.5879,44.5238,120.4861,227.69,0.483,0.475
893,29.7667,16.2040,45.4252,178.1458,227.27,0.467,0.495
894,29.8000,22.0776,49.2140,169.0208,226.67,0.457,0.434
895,29.8333,25.7183,51.2367,176.7569,223.08,0.430,0.389
896,29.8667,19.6506,49.0881,205.8264,219.55,0.402,0.428
897,29.9000,26.0052,47.1666,163.9306,219.13,0.413,0.414
898,29.9333,76.8901,88.3241,229.7569,218.27,0.537,0.289
899,29.9667,21.9036,87.6734,230.6806,166.94,0.537,0.382
900,30.0000,31.3898,86.8407,225.6181,163.88,0.534,0.373
901,30.0333,29.9541,86.7393,225.3542,161.85,0.508,0.372
902,30.0667,16.5558,89.5716,218.4028,161.38,0.506,0.373
903,30.1000,24.5930,89.2397,219.6528,161.53,0.493,0.396
904,30.1333,21.3775,88.6604,217.9583,161.59,0.485,0.406
905,30.1667,10.5892,89.2053,219.9375,161.64,0.479,0.408
906,30.2000,16.5181,74.0924,227.8264,161.56,0.474,0.416
907,30.2333,14.4869,74.5264,209.2500,161.57,0.471,0.435
908,30.2667,6.2836,66.4163,191.4653,161.43,0.465,0.429
909,30.3000,10.2365,58.1890,155.2083,161.40,0.464,0.418
910,30.3333,7.7821,55.1191,136.5972,161.57,0.457,0.427
911,30.3667,3.3023,47.9472,116.1944,161.81,0.456,0.448
912,30.4000,5.1527,40.7785,113.3264,161.75,0.458,0.432
913,30.4333,3.8634,37.8251,117.8819,162.02,0.454,0.441
914,30.4667,1.4776,31.2030,94.8889,161.83,0.439,0.479
915,30.5000,1.6246,26.2611,92.1528,162.15,0.435,0.467
916,30.5333,0.8293,23.8773,87.6042,162.24,0.443,0.672
917,30.5667,0.3222,18.6621,72.6944,162.38,0.361,0.735
918,30.6000,0.5896,13.9698,58.8056,162.45,0.398,0.604
919,30.6333,0.5894,11.7324,52.8889,162.47,0.401,0.610
920,30.6667,0.5714,7.8354,37.8472,162.61,0.387,0.589
921,30.7000,0.4825,4.8994,31.2778,162.77,0.414,0.639
922,30.7333,0.4503,3.9400,30.0903,162.68,0.461,0.723
923,30.7667,0.2934,2.7720,31.0972,162.68,0.455,0.846
924,30.8000,0.4060,2.3691,30.8681,162.70,0.478,0.727
925,30.8333,0.6691,2.6017,30.8472,162.73,0.486,0.731
926,30.8667,0.4124,2.4416,33.2153,162.62,0.492,0.725
927,30.9000,0.3041,2.2028,31.3681,162.62,0.486,0.846
928,30.9333,0.4183,2.0508,30.7708,162.66,0.501,0.737
929,30.9667,0.4379,1.9979,31.5903,162.66,0.509,0.737
930,31.0000,0.4586,2.0051,29.1667,162.71,0.524,0.713
931,31.0333,8.8824,9.0340,57.4514,162.66,0.490,0.366
932,31.0667,0.2536,9.0161,57.4514,156.92,0.393,0.359
933,31.1000,0.4787,8.5215,57.3750,157.06,0.421,0.289
934,31.1333,0.8672,8.7186,57.4097,157.52,0.476,0.345
935,31.1667,0.6286,8.5978,59.7778,158.18,0.541,0.246
936,31.2000,1.1136,8.5144,59.0069,158.60,0.661,0.248
937,31.2333,0.6237,8.4061,58.8542,159.49,0.334,0.325
938,31.2667,0.9185,8.1191,58.8681,160.06,0.405,0.288
939,31.3000,0.4840,4.5188,53.2917,160.53,0.479,0.301
940,31.3333,1.5294,5.1123,76.4583,160.93,0.550,0.280
941,31.3667,0.7920,5.5551,80.2222,161.65,0.603,0.316
942,31.4000,0.3755,5.3727,79.5069,162.30,0.495,0.291
943,31.4333,0.4539,5.2809,74.9167,162.52,0.559,0.300
944,31.4667,0.4900,4.7682,72.7569,162.42,0.542,0.551
945,31.5000,0.1972,4.3352,72.6944,162.35,0.538,0.459
946,31.5333,0.4379,3.8589,72.7153,162.49,0.569,0.316
947,31.5667,0.6924,3.9566,72.2778,162.40,0.526,0.352
948,31.6000,0.3111,3.1035,33.2083,162.70,0.483,0.476
949,31.6333,0.2257,2.8829,30.6806,162.61,0.357,0.606
950,31.6667,0.3332,2.8656,34.6806,162.65,0.401,0.565
951,31.7000,0.3817,2.6884,30.2361,162.49,0.372,0.609
952,31.7333,0.5094,2.5704,28.0486,162.45,0.383,0.538
953,31.7667,0.5186,2.7186,31.3611,162.50,0.390,0.542
954,31.8000,0.3638,2.4831,27.3889,162.51,0.241,0.724
955,31.8333,0.2462,1.9811,28.8472,162.54,0.187,0.809
956,31.8667,0.5667,2.0770,30.2847,162.51,0.293,0.670
957,31.9000,0.5777,2.2626,30.2361,162.40,0.313,0.615
958,31.9333,0.5468,2.4599,32.6042,162.48,0.360,0.599
959,31.9667,0.4564,2.4946,30.3681,162.32,0.296,0.701
960,32.0000,0.6655,2.6332,32.2083,162.40,0.370,0.687
961,32.0333,0.3944,2.5102,31.8194,162.29,0.291,0.687
962,32.0667,0.6265,2.7269,33.5833,162.37,0.323,0.562
963,32.1000,0.5897,3.0103,33.6111,162.17,0.350,0.607
964,32.1333,0.5776,3.0576,30.1875,162.36,0.356,0.609
965,32.1667,0.2726,2.8949,30.5972,162.48,0.351,0.590
966,32.2000,0.6063,2.9360,31.1181,162.38,0.331,0.639
967,32.2333,0.5922,2.9891,32.7986,162.42,0.351,0.617
968,32.2667,0.5031,2.8336,33.1042,162.43,0.347,0.634
969,32.3000,0.8325,3.2141,30.6736,162.39,0.407,0.616
970,32.3333,0.7278,3.3194,31.4097,162.34,0.389,0.523
971,32.3667,0.3821,3.1786,30.2500,162.11,0.330,0.705
972,32.4000,0.5398,3.1595,27.1181,162.02,0.398,0.603
973,32.4333,0.6530,3.3646,28.4236,162.18,0.354,0.543
974,32.4667,0.3828,3.3641,27.2292,161.96,0.475,0.355
975,32.5000,0.0571,3.0753,23.9861,162.18,0.513,0.646
976,32.5333,0.0233,2.7658,22.6111,162.19,0.431,0.510
977,32.5667,0.0089,2.1719,21.3542,162.20,0.487,0.527
978,32.6000,0.0106,1.6418,18.7569,162.20,0.307,0.765
979,32.6333,0.2380,1.6012,15.7500,162.20,0.499,0.770
980,32.6667,0.0388,1.2934,12.6181,162.27,0.544,0.747
981,32.7000,0.0149,0.6759,5.7847,162.29,0.563,0.582
982,32.7333,0.0200,0.3146,5.7847,162.28,0.584,0.612
983,32.7667,0.0409,0.2947,5.7917,162.30,0.471,0.763
984,32.8000,0.0244,0.2886,5.7917,162.28,0.411,0.586
985,32.8333,0.4099,0.4293,11.4514,162.29,0.501,0.751
986,32.8667,0.0193,0.4221,11.4514,162.06,0.549,0.500
987,32.9000,0.0204,0.4493,12.7222,162.08,0.481,0.523
988,32.9333,0.3445,0.7457,12.8472,162.06,0.499,0.491
989,32.9667,0.0013,0.7488,12.8472,162.11,0.148,0.884
990,33.0000,0.0004,0.7490,12.8472,162.11,0.043,0.989
991,33.0333,0.0004,0.7363,12.8542,162.11,0.051,1.000
992,33.0667,0.0007,0.7288,12.8542,162.11,0.247,0.758
993,33.1000,0.0152,0.3480,0.8194,162.11,0.484,0.300
994,33.1333,0.0245,0.3373,0.8333,162.12,0.653,0.631
995,33.1667,0.0305,0.3405,0.8333,162.12,0.527,0.303
996,33.2000,2.0565,2.0725,27.3681,162.11,0.348,0.917
997,33.2333,0.0230,2.0898,27.2222,164.08,0.448,0.576
998,33.2667,0.0085,2.0918,27.1597,164.10,0.329,0.594
999,33.3000,8.2288,9.9988,59.0694,164.10,0.487,0.416
1000,33.3333,0.0271,10.0012,59.0694,160.71,0.422,0.540
1001,33.3667,0.0132,10.0146,59.0694,160.69,0.492,0.535
1002,33.4000,0.0191,10.0290,59.0694,160.70,0.426,0.422
1003,33.4333,0.4226,10.4174,59.0694,160.68,0.630,0.587
1004,33.4667,0.0120,8.6542,57.4583,160.74,0.410,0.415
1005,33.5000,0.4286,8.7349,56.9861,160.73,0.745,0.225
1006,33.5333,0.4280,8.5097,57.4306,160.87,0.647,0.257
1007,33.5667,0.0370,0.5086,8.6875,160.94,0.437,0.589
1008,33.6000,0.2042,0.4884,8.6875,160.92,0.602,0.251
1009,33.6333,1.0955,0.9806,7.2847,160.94,0.472,0.570
1010,33.6667,0.3494,1.0837,7.2847,160.27,0.445,0.481
1011,33.7000,3.1070,3.9089,22.3125,160.36,0.419,0.417
1012,33.7333,5.8457,8.8311,39.1458,160.07,0.418,0.429
1013,33.7667,4.5060,12.2533,56.8750,159.96,0.424,0.436
1014,33.8000,11.2296,20.8477,110.6319,159.65,0.406,0.440
1015,33.8333,15.5731,31.7820,187.7014,159.10,0.375,0.440
1016,33.8667,7.9937,34.9146,185.9722,158.55,0.484,0.454
1017,33.9000,16.6554,43.9326,184.7153,160.96,0.489,0.455
1018,33.9333,22.3239,58.1105,223.4861,168.07,0.460,0.416
1019,33.9667,16.4613,67.3252,223.6389,176.84,0.443,0.388
1020,34.0000,33.7553,87.5245,231.7292,180.54,0.462,0.377
1021,34.0333,37.2575,98.7229,233.6250,190.05,0.457,0.369
1022,34.0667,19.7563,100.0030,234.0764,201.38,0.479,0.355
1023,34.1000,28.0847,102.0040,234.5347,205.87,0.446,0.372
1024,34.1333,23.6396,104.6443,234.5764,212.76,0.515,0.391
1025,34.1667,9.3180,101.6216,236.6944,216.01,0.705,0.376
1026,34.2000,13.4180,95.9347,237.8750,213.37,0.677,0.385
1027,34.2333,9.6670,92.9499,235.3819,209.33,0.642,0.385
1028,34.2667,3.9282,81.2466,236.1250,206.74,0.623,0.384
1029,34.3000,5.1820,65.7612,226.5903,205.75,0.609,0.386
1030,34.3333,2.6470,57.6437,225.1736,204.64,0.585,0.381
1031,34.3667,0.2021,43.5362,135.3194,204.09,0.611,0.367
1032,34.4000,0.2879,29.9210,102.6597,204.07,0.446,0.359
1033,34.4333,0.1656,25.3219,82.2847,204.02,0.404,0.346
1034,34.4667,0.0225,17.1658,59.3264,204.04,0.514,0.277
1035,34.5000,0.1415,9.9174,34.5417,204.05,0.455,0.346
1036,34.5333,0.4740,7.4715,24.1250,204.03,0.478,0.640
1037,34.5667,0.0065,3.1866,10.7639,204.26,0.540,0.448
1038,34.6000,0.0701,0.8406,10.7778,204.26,0.495,0.354
1039,34.6333,0.0905,0.7083,10.7708,204.26,0.499,0.359
1040,34.6667,0.0307,0.5985,10.7708,204.25,0.613,0.331
1041,34.7000,0.0499,0.5829,10.7708,204.27,0.545,0.344
1042,34.7333,0.0454,0.5683,10.7708,204.25,0.531,0.377
1043,34.7667,0.0100,0.5426,10.7708,204.28,0.692,0.422
1044,34.8000,0.0188,0.1788,6.8611,204.27,0.536,0.390
1045,34.8333,14.7588,14.8367,99.3056,204.28,0.607,0.387
1046,34.8667,0.0152,14.8150,99.2917,214.92,0.478,0.389
1047,34.9000,1.2262,15.1181,97.3750,214.92,0.563,0.562
1048,34.9333,0.0493,15.0889,97.3681,213.70,0.466,0.484
1049,34.9667,0.0197,15.0932,97.4097,213.74,0.513,0.362
1050,35.0000,0.0289,15.0854,97.4097,213.73,0.477,0.430
1051,35.0333,0.1059,15.0904,97.2639,213.73,0.521,0.378
1052,35.0667,0.0446,15.0669,97.2778,213.66,0.586,0.499
1053,35.1000,0.0728,1.3074,13.1944,213.70,0.563,0.619
1054,35.1333,0.0505,1.2997,13.8056,213.71,0.515,0.468
1055,35.1667,0.0222,0.1845,3.2500,213.71,0.499,0.614
1056,35.2000,0.0337,0.1791,3.5556,213.70,0.499,0.518
1057,35.2333,0.0703,0.1995,3.6597,213.71,0.554,0.488
1058,35.2667,0.0340,0.1780,3.7014,213.68,0.535,0.403
1059,35.3000,0.0246,0.1518,2.1806,213.71,0.513,0.467
1060,35.3333,0.1935,0.2916,4.6528,213.69,0.494,0.705
1061,35.3667,0.0301,0.2673,4.6736,213.70,0.511,0.661
1062,35.4000,0.0862,0.2949,4.6597,213.67,0.477,0.512
1063,35.4333,0.3121,0.4747,11.7431,213.68,0.486,0.366
1064,35.4667,0.4213,0.6967,11.6389,213.69,0.498,0.764
1065,35.5000,0.2198,0.7026,11.3542,213.43,0.521,0.296
1066,35.5333,0.2885,0.7197,11.3750,213.42,0.558,0.270
1067,35.5667,0.0036,0.7117,11.3819,213.42,0.486,0.534
1068,35.6000,0.7492,1.2063,19.6667,213.41,0.521,0.274
1069,35.6333,0.2890,1.1815,19.6597,213.84,0.579,0.266
1070,35.6667,0.0092,1.2192,19.8681,213.84,0.565,0.663
1071,35.7000,0.1263,1.1760,15.2500,213.85,0.606,0.195
1072,35.7333,0.1213,0.7558,15.2500,213.85,0.608,0.201
1073,35.7667,0.0101,0.7552,16.0694,213.85,0.514,0.608
1074,35.8000,0.0626,0.7485,17.7778,213.85,0.600,0.215
1075,35.8333,0.0645,0.7317,16.9375,213.86,0.619,0.246
1076,35.8667,0.0132,0.3505,14.9583,213.89,0.558,0.542
1077,35.9000,0.0343,0.2538,9.2708,213.88,0.573,0.357
1078,35.9333,0.1900,0.3938,9.5486,213.89,0.575,0.428
1079,35.9667,0.1878,0.4412,6.9167,213.92,0.529,0.436
1080,36.0000,1.0954,1.3803,8.3472,213.97,0.462,0.315
1081,36.0333,4.6860,5.4299,34.4583,213.86,0.479,0.419
1082,36.0667,4.0310,7.1735,45.8750,213.42,0.471,0.468
1083,36.1000,9.6314,12.1135,78.2778,213.31,0.467,0.332
1084,36.1333,12.5118,16.2447,116.3611,212.65,0.469,0.337
1085,36.1667,7.8431,17.3354,123.3611,211.54,0.444,0.444
1086,36.2000,8.7522,19.4466,125.2292,211.20,0.447,0.442
1087,36.2333,5.3307,20.4984,125.9167,210.45,0.443,0.497
1088,36.2667,1.6977,20.7763,124.7847,210.06,0.434,0.555
1089,36.3000,1.0777,20.3674,123.1111,210.14,0.441,0.506
1090,36.3333,0.0227,19.9003,120.9375,210.02,0.706,0.307
1091,36.3667,0.0281,17.5804,85.8681,210.04,0.728,0.417
1092,36.4000,0.0400,13.6802,61.4653,210.02,0.525,0.487
1093,36.4333,0.0323,11.6199,46.4583,210.05,0.439,0.324
1094,36.4667,0.0283,7.2250,33.5069,210.03,0.420,0.339
1095,36.5000,0.0304,2.7617,19.0139,210.05,0.448,0.440
1096,36.5333,0.0811,1.1323,4.6389,210.02,0.532,0.403
1097,36.5667,0.0150,0.1501,1.0556,210.06,0.488,0.474
1098,36.6000,0.0923,0.2167,3.1250,210.06,0.547,0.346
1099,36.6333,0.3197,0.4850,15.6875,210.05,0.584,0.294
1100,36.6667,0.0371,0.4561,15.6806,209.81,0.464,0.394
1101,36.7000,0.2824,0.4987,18.5903,209.84,0.575,0.286
1102,36.7333,0.9116,1.0228,26.5347,209.78,0.574,0.336
1103,36.7667,0.0280,1.0115,26.5486,209.28,0.431,0.500
1104,36.8000,1.2408,1.0122,21.8819,209.25,0.577,0.377
1105,36.8333,0.4798,0.9592,18.2083,209.24,0.535,0.384
1106,36.8667,0.3089,1.2476,18.2222,209.28,0.500,0.757
1107,36.9000,0.3401,1.3073,17.5278,209.48,0.525,0.434
1108,36.9333,0.3461,1.3082,15.1042,209.45,0.515,0.449
1109,36.9667,0.0097,1.3184,15.1111,209.43,0.511,0.420
1110,37.0000,1.1416,1.7938,19.3264,209.43,0.574,0.448
1111,37.0333,0.2947,1.8064,19.3264,209.48,0.510,0.487
1112,37.0667,0.0846,1.8404,18.6181,209.49,0.546,0.446
1113,37.1000,0.1195,1.7732,27.4028,209.44,0.501,0.497
1114,37.1333,0.1276,1.4287,26.9375,209.44,0.508,0.456
1115,37.1667,0.0323,1.4211,24.3542,209.52,0.485,0.488
1116,37.2000,0.2488,1.4549,17.5069,209.49,0.496,0.704
1117,37.2333,0.0832,1.4481,16.8681,209.41,0.477,0.451
1118,37.2667,0.1059,0.5813,8.1042,209.39,0.441,0.338
1119,37.3000,0.1633,0.5608,5.7986,209.45,0.421,0.304
1120,37.3333,0.6922,1.2308,6.1736,209.44,0.481,0.327
1121,37.3667,0.5237,1.6810,6.7500,209.63,0.460,0.346
1122,37.4000,10.0075,10.9396,92.2569,209.67,0.570,0.408
1123,37.4333,2.3196,12.2214,103.2222,209.15,0.533,0.283
1124,37.4667,1.5824,12.7582,108.5208,209.53,0.527,0.290
1125,37.5000,4.1697,14.4111,110.5903,209.86,0.538,0.275
1126,37.5333,5.6679,16.1955,105.9861,210.54,0.529,0.268
1127,37.5667,4.0258,17.1937,95.9792,211.40,0.535,0.265
1128,37.6000,9.2614,18.6099,101.6042,212.06,0.533,0.260
1129,37.6333,11.9681,21.1759,123.9375,213.58,0.523,0.236
1130,37.6667,8.4146,22.5409,120.5625,215.75,0.514,0.230
1131,37.7000,13.7788,25.1043,134.2917,216.91,0.500,0.198
1132,37.7333,13.1272,27.1493,151.8681,219.18,0.504,0.196
1133,37.7667,6.8676,27.0295,154.9236,221.35,0.511,0.199
1134,37.8000,9.9502,27.5067,156.2222,222.39,0.520,0.196
1135,37.8333,7.8720,28.3394,150.3819,223.91,0.516,0.199
1136,37.8667,3.4581,27.4046,136.8750,225.21,0.518,0.212
1137,37.9000,5.1676,26.0397,148.8333,225.71,0.514,0.212
1138,37.9333,3.7170,24.9209,160.5278,226.20,0.510,0.218
1139,37.9667,1.4339,22.9563,130.9097,226.46,0.504,0.238
1140,38.0000,2.0743,20.5343,131.1111,226.65,0.507,0.228
1141,38.0333,1.1002,18.5689,133.0972,226.61,0.497,0.222
1142,38.0667,0.4120,15.3957,108.3472,226.88,0.520,0.304
1143,38.1000,0.0560,12.6051,112.6319,226.86,0.533,0.367
1144,38.1333,0.0832,10.9182,103.0764,226.87,0.541,0.387
1145,38.1667,0.0196,7.6330,70.8750,226.81,0.378,0.458
1146,38.2000,0.0162,4.5457,41.5694,226.82,0.362,0.516
1147,38.2333,0.0885,3.3596,30.0139,226.81,0.524,0.440
1148,38.2667,0.0191,1.5806,12.3750,226.75,0.326,0.457
1149,38.3000,0.0479,0.5426,5.7292,226.73,0.400,0.449
1150,38.3333,0.3724,0.5271,9.0556,226.77,0.521,0.605
1151,38.3667,0.0576,0.4608,9.0347,226.76,0.469,0.426
1152,38.4000,0.1589,0.4612,11.6181,226.77,0.567,0.436
1153,38.4333,0.0471,0.4808,11.8056,226.68,0.515,0.477
1154,38.4667,0.0230,0.4857,11.7847,226.72,0.470,0.414
1155,38.5000,0.0566,0.4885,9.7361,226.71,0.506,0.360
1156,38.5333,0.1031,0.5703,9.7778,226.73,0.514,0.367
1157,38.5667,0.0971,0.5239,9.6528,226.65,0.494,0.440
1158,38.6000,0.1447,0.3147,5.8958,226.65,0.522,0.352
1159,38.6333,0.1811,0.3997,7.7431,226.60,0.664,0.403
1160,38.6667,0.0511,0.3426,8.2153,226.75,0.593,0.417
1161,38.7000,0.1237,0.3332,10.5000,226.76,0.614,0.405
1162,38.7333,0.2403,0.5304,10.7361,226.83,0.523,0.682
1163,38.7667,0.0475,0.5397,10.9167,226.89,0.550,0.467
1164,38.8000,0.0221,0.5857,11.0694,226.94,0.609,0.400
1165,38.8333,0.0275,0.5467,10.9167,226.94,0.493,0.480
1166,38.8667,0.1163,0.4963,10.0625,226.94,0.504,0.411
1167,38.9000,0.2029,0.3951,5.8125,226.89,0.598,0.409
1168,38.9333,0.3564,0.5821,7.4583,226.79,0.532,0.414
1169,38.9667,0.0993,0.6185,9.1458,226.73,0.678,0.455
1170,39.0000,0.5995,0.8244,17.0833,226.76,0.730,0.456
1171,39.0333,1.3453,1.4648,14.9097,226.53,0.639,0.564
1172,39.0667,0.9642,1.7741,18.2986,226.26,0.702,0.493
1173,39.1000,2.0268,2.5957,16.5972,226.21,0.652,0.495
1174,39.1333,2.5626,4.0691,16.2500,226.56,0.646,0.497
1175,39.1667,1.9735,4.9467,20.5069,226.93,0.644,0.576
1176,39.2000,3.4693,6.4094,31.7431,227.11,0.623,0.510
1177,39.2333,3.8934,8.1517,43.2014,227.87,0.627,0.489
1178,39.2667,2.3186,9.1603,46.4444,228.80,0.605,0.462
1179,39.3000,4.3282,11.2224,56.0833,229.64,0.614,0.389
1180,39.3333,5.0306,14.2628,66.8403,230.66,0.642,0.386
1181,39.3667,3.4478,15.4462,72.6458,232.27,0.614,0.395
1182,39.4000,6.3984,18.7382,87.6181,233.04,0.676,0.380
1183,39.4333,6.4138,21.7477,94.7569,235.08,0.618,0.342
1184,39.4667,3.2512,21.6972,106.7222,235.96,0.473,0.311
1185,39.5000,5.5592,22.4548,131.5347,235.71,0.470,0.278
1186,39.5333,43.1330,58.9890,209.4028,235.22,0.163,0.526
1187,39.5667,10.1369,61.4188,207.3958,198.35,0.320,0.410
1188,39.6000,20.8673,68.5242,217.1597,194.83,0.334,0.403
1189,39.6333,24.7752,78.4182,211.9375,185.89,0.360,0.408
1190,39.6667,14.5127,81.8015,211.7847,174.74,0.385,0.407
1191,39.7000,25.4103,90.6061,220.3472,168.71,0.415,0.409
1192,39.7333,23.0311,99.0829,215.7153,157.45,0.446,0.405
1193,39.7667,11.8863,102.9204,224.0347,148.24,0.457,0.413
1194,39.8000,18.8598,76.0586,222.6528,143.86,0.488,0.411
1195,39.8333,16.0132,78.6120,219.6319,136.48,0.500,0.422
1196,39.8667,8.2540,72.9015,214.1458,129.66,0.516,0.441
1197,39.9000,13.6388,68.9682,211.8264,126.63,0.485,0.436
1198,39.9333,12.7291,69.2544,224.8889,122.10,0.500,0.454
1199,39.9667,7.0860,62.3779,217.5972,118.73,0.551,0.483
1200,40.0000,10.3462,56.6733,216.0625,117.40,0.530,0.455
1201,40.0333,8.4934,54.8472,214.1111,115.51,0.538,0.451
1202,40.0667,4.2675,48.0841,152.2847,114.42,0.565,0.458
1203,40.1000,6.5077,43.4483,138.2639,113.64,0.560,0.454
1204,40.1333,13.4199,47.0902,148.3889,112.39,0.526,0.374
1205,40.1667,2.0970,41.6228,127.9167,110.83,0.558,0.470
1206,40.2000,3.6379,37.3763,135.8472,110.67,0.512,0.498
1207,40.2333,2.9990,35.3177,134.8264,110.49,0.421,0.519
1208,40.2667,1.3965,29.3169,124.1389,110.19,0.281,0.522
1209,40.3000,0.8737,24.9614,120.3889,109.98,0.216,0.537
1210,40.3333,0.6141,22.5769,117.1597,110.01,0.136,0.520
1211,40.3667,0.4523,18.9386,111.1528,109.97,0.126,0.513
1212,40.4000,0.4956,7.6646,32.7014,110.01,0.201,0.509
1213,40.4333,0.4170,6.2717,26.3958,109.83,0.171,0.514
1214,40.4667,0.2008,4.2554,42.1042,109.76,0.263,0.498
1215,40.5000,0.0809,2.1709,42.1389,109.77,0.481,0.500
1216,40.5333,0.0345,1.4012,31.2917,109.80,0.470,0.511
1217,40.5667,0.1412,1.2489,36.3819,109.79,0.517,0.464
1218,40.6000,0.1293,1.1968,35.1319,109.72,0.507,0.444
1219,40.6333,0.0465,1.0071,25.9722,109.69,0.504,0.492
1220,40.6667,0.6090,1.3365,19.0000,109.68,0.495,0.724
1221,40.7000,1.2203,2.0827,15.4097,109.31,0.381,0.561
1222,40.7333,2.3503,4.0811,21.0694,108.31,0.409,0.524
1223,40.7667,4.9820,8.6036,65.0625,107.46,0.406,0.480
1224,40.8000,42.2426,45.5255,209.0833,108.70,0.403,0.709
1225,40.8333,18.3839,60.7552,209.0972,150.00,0.398,0.587
1226,40.8667,7.0486,65.1808,209.1111,167.69,0.408,0.520
1227,40.9000,0.9073,65.5489,209.0972,172.43,0.381,0.457
1228,40.9333,0.1539,65.8392,209.1181,172.90,0.449,0.364
1229,40.9667,0.0443,66.5608,211.3889,172.86,0.503,0.469
1230,41.0000,0.0642,67.0681,214.0625,172.86,0.508,0.518
1231,41.0333,0.0900,65.3788,217.2292,172.87,0.527,0.483
1232,41.0667,0.2799,24.1355,187.7917,172.85,0.517,0.507
1233,41.1000,0.4627,7.6804,57.9306,172.84,0.464,0.539
1234,41.1333,0.4845,1.4922,18.0417,173.01,0.460,0.558
1235,41.1667,0.5818,0.7055,17.2014,173.25,0.432,0.577
1236,41.2000,0.7808,0.8433,17.8056,173.30,0.409,0.649
1237,41.2333,0.3592,0.8006,12.1875,173.27,0.341,0.616
1238,41.2667,0.0825,0.7943,11.2639,173.25,0.332,0.607
1239,41.3000,0.1342,0.7161,10.5486,173.24,0.346,0.594
1240,41.3333,0.0434,0.7287,9.9583,173.18,0.442,0.545
1241,41.3667,0.0799,0.7237,9.2639,173.16,0.374,0.588
1242,41.4000,0.2262,0.9668,17.8333,173.20,0.352,0.561
1243,41.4333,0.3360,1.0485,17.1736,173.18,0.370,0.594
1244,41.4667,0.2907,0.5951,16.7292,173.17,0.385,0.572
1245,41.5000,0.8408,1.0222,15.6111,173.20,0.388,0.583
1246,41.5333,0.8460,1.0673,15.0139,173.22,0.462,0.603
1247,41.5667,0.4869,0.9477,13.8750,173.23,0.560,0.630
1248,41.6000,0.6562,1.1975,13.2083,173.14,0.561,0.685
1249,41.6333,0.1105,1.2437,13.4167,173.26,0.570,0.643
1250,41.6667,0.0328,1.2223,10.7847,173.25,0.466,0.574
1251,41.7000,0.8472,1.8331,17.8542,173.25,0.136,0.543
1252,41.7333,0.1138,1.7804,17.7222,172.47,0.488,0.601
1253,41.7667,0.6648,1.9729,38.6458,172.50,0.069,0.549
1254,41.8000,0.5446,1.6593,27.2778,173.09,0.067,0.534
1255,41.8333,3.4086,4.2156,26.0833,173.06,0.461,0.484
1256,41.8667,8.3069,10.7842,45.3472,172.75,0.482,0.482
1257,41.9000,22.7880,28.2104,96.0486,171.94,0.451,0.463
1258,41.9333,28.8172,43.8390,129.5694,168.86,0.446,0.447
1259,41.9667,19.6498,51.2074,154.2778,164.50,0.444,0.459
1260,42.0000,31.2429,61.6423,158.5417,161.96,0.448,0.428
1261,42.0333,31.9997,68.9311,158.5208,157.66,0.447,0.425
1262,42.0667,21.2848,73.0346,159.1875,153.53,0.410,0.436
1263,42.1000,47.9959,78.3536,179.4931,152.38,0.521,0.353
1264,42.1333,15.9717,80.5896,212.7153,168.47,0.368,0.470
1265,42.1667,8.6431,80.7377,224.7847,165.48,0.368,0.475
1266,42.2000,14.8205,82.0924,196.8056,164.55,0.395,0.457
1267,42.2333,13.8853,84.0486,178.8542,162.72,0.413,0.445
1268,42.2667,7.2713,83.1822,174.6806,161.27,0.403,0.459
1269,42.3000,12.4826,82.8483,188.3681,160.92,0.415,0.456
1270,42.3333,11.5696,83.5968,193.8333,159.99,0.420,0.469
1271,42.3667,5.7230,62.6911,222.2500,158.93,0.422,0.484
1272,42.4000,9.8125,57.9076,231.8472,158.21,0.431,0.489
1273,42.4333,9.8733,57.7449,230.4375,156.18,0.424,0.481
1274,42.4667,6.1736,50.9196,230.4931,155.03,0.361,0.478
1275,42.5000,12.3180,48.3614,171.2083,155.40,0.374,0.453
1276,42.5333,11.0780,48.7812,148.4306,157.91,0.398,0.444
1277,42.5667,5.0659,43.4116,136.4514,159.08,0.406,0.452
1278,42.6000,10.3211,41.3671,152.3750,159.53,0.424,0.415
1279,42.6333,8.6808,42.3257,165.2361,160.84,0.423,0.418
1280,42.6667,3.2837,39.5587,173.4097,162.55,0.442,0.432
1281,42.7000,8.3183,38.2895,177.4375,162.81,0.454,0.374
1282,42.7333,5.0747,36.7559,159.7917,164.55,0.454,0.395
1283,42.7667,1.1438,30.5712,121.1875,165.37,0.462,0.418
1284,42.8000,3.2064,25.3786,91.1250,165.43,0.472,0.316
1285,42.8333,1.1621,22.7609,76.9792,165.48,0.493,0.322
1286,42.8667,0.1098,19.2008,91.5347,165.27,0.482,0.559
1287,42.9000,2.1899,15.3755,106.0764,165.35,0.494,0.310
1288,42.9333,1.2805,14.0850,105.8681,165.39,0.485,0.347
1289,42.9667,0.0958,10.7466,89.9375,165.62,0.462,0.642
1290,43.0000,1.6468,8.2431,73.2014,165.55,0.448,0.369
1291,43.0333,0.5623,7.7942,71.9722,165.36,0.414,0.454
1292,43.0667,0.6640,6.4798,55.2500,165.37,0.492,0.734
1293,43.1000,1.8607,6.9455,56.2708,165.05,0.432,0.392
1294,43.1333,0.8613,7.2880,59.9375,165.04,0.377,0.469
1295,43.1667,0.0567,5.6548,45.5347,164.99,0.523,0.449
1296,43.2000,1.3117,5.4966,44.6597,164.98,0.356,0.495
1297,43.2333,0.7831,5.7946,47.8611,165.00,0.371,0.521
1298,43.2667,0.0583,4.7547,33.7222,164.91,0.499,0.466
1299,43.3000,1.4010,5.3389,37.1042,164.93,0.382,0.483
1300,43.3333,0.7863,5.0817,42.8194,164.87,0.371,0.531
1301,43.3667,0.0788,4.1247,38.9444,164.88,0.517,0.407
1302,43.4000,1.1230,4.3033,39.8750,164.87,0.348,0.516
1303,43.4333,1.0894,4.8696,41.9306,164.78,0.395,0.456
1304,43.4667,1.2451,4.7370,37.5417,164.84,0.500,0.388
1305,43.5000,5.4089,8.1995,53.8819,164.86,0.471,0.404
1306,43.5333,8.6426,13.4772,66.3542,164.69,0.499,0.391
1307,43.5667,6.3876,16.3296,61.5625,164.43,0.513,0.386
1308,43.6000,14.0758,23.2569,65.8125,164.05,0.512,0.403
1309,43.6333,80.4643,78.1158,192.8958,163.30,0.501,0.407
1310,43.6667,4.7049,76.7002,192.5069,225.85,0.505,0.464
1311,43.7000,8.3218,73.3018,192.7708,225.98,0.390,0.484
1312,43.7333,11.1863,68.7371,192.4514,224.27,0.322,0.476
1313,43.7667,8.9812,66.6651,192.0347,221.89,0.343,0.470
1314,43.8000,18.2223,64.2230,193.4236,220.62,0.351,0.461
1315,43.8333,22.1922,64.5412,209.4792,219.09,0.387,0.456
1316,43.8667,14.4899,65.1350,199.5903,219.93,0.493,0.452
1317,43.9000,23.0419,31.5693,165.8194,220.24,0.538,0.469
1318,43.9333,21.5347,34.9242,184.4583,220.65,0.568,0.479
1319,43.9667,12.3739,36.5199,201.6806,219.41,0.531,0.491
1320,44.0000,16.9025,37.6438,166.9306,219.14,0.541,0.499
1321,44.0333,14.1308,37.8189,203.2014,220.10,0.528,0.507
1322,44.0667,7.3681,36.5048,207.0278,220.89,0.469,0.508
1323,44.1000,9.7450,34.9643,215.9861,221.88,0.478,0.504
1324,44.1333,7.4878,35.2209,184.1458,224.00,0.470,0.498
1325,44.1667,4.0723,33.6966,197.2986,225.54,0.422,0.484
1326,44.2000,4.6306,31.1237,186.2014,226.01,0.445,0.491
1327,44.2333,2.0672,28.3452,162.8333,226.69,0.411,0.455
1328,44.2667,1.4383,23.4528,149.6597,226.81,0.358,0.227
1329,44.3000,0.2722,18.3319,99.6181,226.82,0.279,0.267
1330,44.3333,0.2561,16.0474,75.1250,226.81,0.283,0.271
1331,44.3667,0.1637,11.6157,45.3403,226.82,0.283,0.272
1332,44.4000,0.1428,7.7535,25.1250,226.80,0.318,0.295
1333,44.4333,0.4679,6.5284,26.4444,226.79,0.466,0.666
1334,44.4667,0.1004,3.5179,23.5903,226.71,0.322,0.325
1335,44.5000,0.0665,2.0535,18.3611,226.73,0.348,0.360
1336,44.5333,0.0642,0.9128,15.2569,226.77,0.380,0.336
1337,44.5667,0.0140,0.8572,16.0486,226.78,0.285,0.268
1338,44.6000,10.2605,10.7929,66.6181,226.79,0.344,0.271
1339,44.6333,0.0384,10.7478,66.6250,227.94,0.384,0.424
1340,44.6667,0.0362,10.7109,66.6319,227.92,0.345,0.477
1341,44.7000,0.0522,10.3400,66.6111,227.90,0.459,0.368
1342,44.7333,0.0307,10.3189,66.6111,227.92,0.376,0.344
1343,44.7667,0.0254,10.3108,66.5903,227.91,0.394,0.413
1344,44.8000,0.0777,10.2917,66.5486,227.91,0.425,0.261
1345,44.8333,0.0130,10.2948,66.5556,227.85,0.417,0.442
1346,44.8667,0.0326,0.1862,4.6528,227.85,0.301,0.254
1347,44.9000,0.2977,0.4529,8.8750,227.88,0.496,0.751
1348,44.9333,0.3165,0.6342,9.1944,227.85,0.506,0.492
1349,44.9667,0.0001,0.6045,9.1944,227.95,0.008,0.099
1350,45.0000,0.0000,0.5881,9.1944,227.95,0.500,0.500
1351,45.0333,2.2597,2.5867,13.2153,227.95,0.440,0.474
1352,45.0667,3.0267,5.5288,18.6319,227.97,0.449,0.475
1353,45.1000,9.8370,13.6453,42.8958,227.82,0.445,0.472
1354,45.1333,14.6439,19.4908,74.2083,227.54,0.442,0.457
1355,45.1667,11.2805,20.5304,105.7778,226.82,0.435,0.454
1356,45.2000,18.8688,28.5360,146.9722,226.40,0.447,0.404
1357,45.2333,20.5588,32.2957,133.6319,225.09,0.478,0.331
1358,45.2667,19.1343,33.9467,160.2153,223.51,0.444,0.380
1359,45.3000,30.3165,40.7002,198.7014,222.66,0.530,0.321
1360,45.3333,31.7101,42.6132,201.1042,222.49,0.583,0.348
1361,45.3667,21.1421,41.0270,201.6597,225.28,0.554,0.421
1362,45.4000,25.9575,40.8725,205.7014,229.60,0.543,0.409
1363,45.4333,24.3401,36.0217,213.9444,231.31,0.496,0.473
1364,45.4667,18.3875,36.3765,226.5000,236.84,0.486,0.542
1365,45.5000,23.5636,42.8867,220.4236,236.95,0.465,0.654
1366,45.5333,17.7109,47.8921,215.7014,230.46,0.430,0.630
1367,45.5667,9.4633,50.7028,202.7292,225.04,0.412,0.572
1368,45.6000,12.3116,49.3067,199.0833,223.04,0.421,0.560
1369,45.6333,10.0109,48.4654,192.8819,219.96,0.469,0.535
1370,45.6667,4.5556,51.1177,197.3750,216.37,0.528,0.520
1371,45.7000,7.9436,51.4419,132.4167,214.17,0.647,0.512
1372,45.7333,2.0678,47.3788,134.2500,208.41,0.728,0.510
1373,45.7667,0.0250,35.2306,125.0069,206.64,0.452,0.671
1374,45.8000,0.0204,28.6173,122.0972,206.63,0.687,0.471
1375,45.8333,0.0195,26.0745,125.6042,206.64,0.677,0.503
1376,45.8667,0.0437,20.7836,125.3056,206.63,0.377,0.511
1377,45.9000,0.0246,14.2178,102.8889,206.66,0.514,0.484
1378,45.9333,0.0339,9.9691,81.1528,206.66,0.511,0.440
1379,45.9667,0.1196,2.1854,20.5764,206.68,0.311,0.331
1380,46.0000,0.0528,0.2050,1.5069,206.58,0.420,0.447
1381,46.0333,0.3824,0.5231,7.9375,206.62,0.534,0.656
1382,46.0667,0.6650,1.0653,14.1597,206.79,0.775,0.455
1383,46.1000,0.1099,1.0611,15.5556,207.36,0.613,0.455
1384,46.1333,0.1012,1.0368,15.7708,207.35,0.625,0.474
1385,46.1667,0.0783,1.0299,15.9306,207.36,0.640,0.458
1386,46.2000,0.0600,1.0123,15.2014,207.36,0.643,0.455
1387,46.2333,0.0567,0.9878,15.4931,207.35,0.622,0.476
1388,46.2667,0.1094,1.0259,15.4722,207.34,0.355,0.319
1389,46.3000,0.0280,0.8330,16.5556,207.42,0.609,0.465
1390,46.3333,0.0299,0.2869,7.5833,207.42,0.621,0.457
1391,46.3667,0.0296,0.2769,9.6667,207.42,0.533,0.524
1392,46.4000,0.0362,0.2620,9.3125,207.40,0.510,0.522
1393,46.4333,0.2258,0.4323,7.8958,207.41,0.512,0.725
1394,46.4667,0.0256,0.3981,6.2778,207.46,0.522,0.492
1395,46.5000,0.0257,0.3673,6.0556,207.47,0.439,0.560
1396,46.5333,0.4535,0.4763,11.2222,207.45,0.499,0.755
1397,46.5667,0.0169,0.4740,11.2083,207.13,0.486,0.518
1398,46.6000,0.0157,0.4582,11.2083,207.13,0.449,0.506
1399,46.6333,0.0165,0.4442,11.2083,207.13,0.419,0.544
1400,46.6667,0.0220,0.4591,11.2500,207.13,0.379,0.572
1401,46.7000,9.8301,10.2941,125.2014,207.14,0.795,0.510
1402,46.7333,0.0260,10.2771,125.1736,216.90,0.516,0.504
1403,46.7667,0.0452,10.2956,125.1736,216.90,0.475,0.494
1404,46.8000,0.0383,9.8592,125.1528,216.86,0.433,0.575
1405,46.8333,0.1591,9.9440,125.1806,216.88,0.638,0.463
1406,46.8667,0.0046,9.9363,125.1528,216.95,0.517,0.522
1407,46.9000,0.0202,9.9289,125.1806,216.96,0.340,0.593
1408,46.9333,0.0254,9.9327,125.1806,216.94,0.332,0.589
1409,46.9667,0.0110,0.1857,6.2153,216.95,0.431,0.488
1410,47.0000,0.0105,0.1853,6.5903,216.95,0.397,0.490
1411,47.0333,0.0250,0.2008,7.1528,216.95,0.364,0.608
1412,47.0667,0.0263,0.2077,7.4444,216.93,0.481,0.757
1413,47.1000,0.0028,0.0595,0.2986,216.95,0.320,0.473
1414,47.1333,0.0053,0.0565,0.2708,216.95,0.258,0.622
1415,47.1667,0.0179,0.0597,0.2778,216.95,0.440,0.700
1416,47.2000,0.0132,0.0569,0.2708,216.94,0.341,0.500
1417,47.2333,0.3691,0.4100,10.6667,216.95,0.497,0.749
1418,47.2667,0.0125,0.4061,10.6667,217.13,0.310,0.345
1419,47.3000,0.0168,0.3967,10.6597,217.14,0.482,0.517
1420,47.3333,0.0202,0.3913,10.6528,217.12,0.470,0.656
1421,47.3667,0.0035,0.3900,10.6458,217.14,0.306,0.420
1422,47.4000,0.0043,0.3894,10.6458,217.14,0.417,0.484
1423,47.4333,0.0778,0.4548,10.6528,217.14,0.201,0.272
1424,47.4667,0.0441,0.4435,10.6667,217.07,0.299,0.371
1425,47.5000,0.0234,0.1099,0.8542,217.11,0.346,0.490
1426,47.5333,0.0254,0.0968,0.7986,217.10,0.359,0.460
1427,47.5667,0.0219,0.0928,0.7847,217.11,0.397,0.536
1428,47.6000,0.0765,0.1359,0.7847,217.09,0.505,0.555
1429,47.6333,0.2716,0.3831,4.0486,217.13,0.622,0.285
1430,47.6667,0.7132,1.0384,6.9236,217.03,0.433,0.565
1431,47.7000,2.3868,3.1962,14.0278,217.23,0.456,0.432
1432,47.7333,3.9464,6.5432,30.5556,217.30,0.429,0.459
1433,47.7667,2.9443,8.5337,43.3542,217.63,0.408,0.475
1434,47.8000,7.5370,12.7721,62.7500,217.96,0.428,0.476
1435,47.8333,10.5652,17.0811,96.5764,218.48,0.437,0.478
1436,47.8667,8.4447,20.0519,101.6319,219.57,0.431,0.470
1437,47.9000,20.6199,27.2231,157.0694,219.86,0.527,0.393
1438,47.9333,19.0250,35.9947,171.8611,217.68,0.464,0.462
1439,47.9667,14.7351,39.2367,178.2847,220.67,0.445,0.470
1440,48.0000,22.6019,41.8162,192.4236,222.67,0.464,0.503
1441,48.0333,18.1559,45.8138,202.0833,227.22,0.480,0.488
1442,48.0667,12.5426,46.6773,197.4306,230.61,0.384,0.467
1443,48.1000,16.4766,48.5919,191.9167,229.66,0.375,0.479
1444,48.1333,12.4767,49.6072,180.1389,226.89,0.387,0.482
1445,48.1667,5.5735,47.2118,157.1458,225.00,0.380,0.472
1446,48.2000,7.5447,44.0295,163.0556,224.15,0.399,0.470
1447,48.2333,4.5613,42.3040,143.2847,223.36,0.401,0.478
1448,48.2667,1.5349,36.2926,109.7847,222.73,0.408,0.486
1449,48.3000,1.0470,32.1303,113.7917,222.58,0.420,0.460
1450,48.3333,0.0289,28.5015,95.0208,222.31,0.441,0.469
1451,48.3667,0.0164,20.0114,76.0347,222.33,0.422,0.501
1452,48.4000,0.0107,14.5576,59.4444,222.32,0.501,0.495
1453,48.4333,0.0280,11.8932,45.3333,222.33,0.609,0.408
1454,48.4667,0.2973,6.8546,27.9375,222.30,0.504,0.759
1455,48.5000,0.0049,2.8275,19.2222,222.55,0.714,0.460
1456,48.5333,0.0055,1.3478,8.7986,222.55,0.693,0.482
1457,48.5667,7.7033,7.9857,51.9444,222.55,0.468,0.687
1458,48.6000,0.0217,7.9746,51.9375,220.19,0.685,0.440
1459,48.6333,0.2261,7.8382,47.8681,220.20,0.507,0.755
1460,48.6667,0.0109,7.8336,47.8681,220.06,0.606,0.365
1461,48.7000,0.0292,7.8339,47.8750,220.06,0.569,0.512
1462,48.7333,0.0589,7.9501,49.8125,220.03,0.326,0.738
1463,48.7667,0.0489,7.9121,49.7222,220.06,0.305,0.786
1464,48.8000,0.0128,7.9155,49.6875,220.04,0.425,0.552
1465,48.8333,0.0271,0.2992,7.1597,220.04,0.478,0.582
1466,48.8667,0.0758,0.3520,7.2708,220.02,0.434,0.647
1467,48.9000,0.0390,0.1555,0.5556,220.07,0.399,0.493
1468,48.9333,0.4538,0.5598,13.7431,220.05,0.488,0.746
1469,48.9667,0.0771,0.5446,13.7222,219.98,0.486,0.652
1470,49.0000,1.3060,1.7533,15.4653,219.91,0.472,0.493
1471,49.0333,2.4447,4.0837,18.2639,220.18,0.448,0.494
1472,49.0667,1.7733,5.4418,20.1667,220.35,0.445,0.511
1473,49.1000,4.5709,8.5652,28.4028,220.58,0.454,0.483
1474,49.1333,5.9616,12.2190,41.4653,220.79,0.454,0.488
1475,49.1667,3.8021,14.5151,50.8819,221.55,0.435,0.506
1476,49.2000,7.7704,19.0131,65.5625,221.80,0.421,0.498
1477,49.2333,9.3631,24.2602,75.5278,222.63,0.417,0.499
1478,49.2667,6.1685,26.5424,86.4167,223.48,0.404,0.504
1479,49.3000,11.7898,31.4108,107.0903,224.15,0.411,0.495
1480,49.3333,10.6296,34.0837,135.3889,224.87,0.522,0.505
1481,49.3667,7.0945,34.6206,161.3611,222.36,0.496,0.513
1482,49.4000,14.0095,37.2553,214.8750,220.71,0.515,0.507
1483,49.4333,15.7045,40.5935,236.2083,216.98,0.511,0.502
1484,49.4667,10.3590,40.2844,226.6875,212.44,0.481,0.510
1485,49.5000,18.2853,42.7480,201.4444,209.67,0.514,0.507
1486,49.5333,19.8353,47.8944,240.7778,203.64,0.531,0.507
1487,49.5667,12.5830,47.8352,240.8472,196.12,0.527,0.530
1488,49.6000,22.0971,55.4783,241.0000,191.40,0.525,0.507
1489,49.6333,24.0635,65.2951,237.4097,180.30,0.511,0.493
1490,49.6667,14.5740,66.3947,235.2569,169.47,0.499,0.514
1491,49.7000,22.3673,70.2802,237.8472,165.02,0.498,0.484
1492,49.7333,19.0117,74.3597,238.3403,158.33,0.479,0.479
1493,49.7667,8.9306,71.1936,238.5417,153.67,0.474,0.480
1494,49.8000,14.2050,69.8033,239.7083,151.30,0.453,0.474
1495,49.8333,12.2350,70.8707,240.2222,146.92,0.437,0.483
1496,49.8667,5.9490,64.1954,240.4653,143.72,0.406,0.474
1497,49.9000,10.4556,59.8597,240.5556,142.17,0.490,0.463
1498,49.9333,9.0118,59.0985,235.9097,140.92,0.513,0.461
1499,49.9667,5.3303,52.1943,231.4236,139.87,0.503,0.449
1500,50.0000,8.1292,46.5009,241.1667,139.43,0.500,0.459
1501,50.0333,6.2241,45.0826,235.8194,138.95,0.520,0.461
1502,50.0667,2.9774,38.9451,170.0833,138.45,0.483,0.453
1503,50.1000,4.7358,34.3096,117.0139,138.26,0.442,0.458
1504,50.1333,3.7359,33.3150,114.2569,137.99,0.488,0.464
1505,50.1667,1.5184,28.0501,92.3750,137.78,0.446,0.459
1506,50.2000,1.8439,23.0961,74.5972,137.71,0.457,0.476
1507,50.2333,1.2205,20.6838,74.0764,137.62,0.470,0.461
1508,50.2667,0.2387,15.7636,60.6111,137.49,0.451,0.422
1509,50.3000,0.2223,11.6420,43.0069,137.54,0.462,0.430
1510,50.3333,0.8087,10.1033,36.9514,137.49,0.543,0.471
1511,50.3667,0.8143,7.3687,29.5208,137.65,0.533,0.463
1512,50.4000,2.0420,5.5793,29.2986,137.62,0.510,0.482
1513,50.4333,3.3700,6.6935,30.9514,137.93,0.561,0.508
1514,50.4667,2.1095,7.3899,29.6389,138.12,0.490,0.477
1515,50.5000,4.7676,10.3543,42.6181,138.47,0.531,0.478
1516,50.5333,5.9010,14.0824,61.5972,139.01,0.471,0.480
1517,50.5667,3.8299,16.3596,73.8264,139.88,0.448,0.477
1518,50.6000,8.1043,21.7411,102.4306,140.31,0.449,0.486
1519,50.6333,9.2374,28.4610,107.7361,141.55,0.458,0.478
1520,50.6667,5.9948,31.3548,118.4444,143.05,0.461,0.484
1521,50.7000,12.0515,37.0385,148.0833,143.92,0.464,0.480
1522,50.7333,11.9756,42.7267,212.4722,147.00,0.551,0.491
1523,50.7667,7.1117,43.8335,235.7569,153.71,0.532,0.471
1524,50.8000,15.0175,48.7575,235.8681,157.62,0.525,0.456
1525,50.8333,14.8364,56.4127,237.3958,166.51,0.515,0.420
1526,50.8667,7.3439,56.7412,236.9514,174.92,0.522,0.405
1527,50.9000,11.9130,59.9166,236.4792,178.89,0.494,0.405
1528,50.9333,9.2653,62.7157,237.6181,186.09,0.489,0.369
1529,50.9667,4.5737,58.3483,237.4375,191.68,0.505,0.351
1530,51.0000,7.6294,55.5122,239.9375,193.91,0.481,0.361
1531,51.0333,6.2540,54.5944,236.4306,197.21,0.480,0.357
1532,51.0667,3.1547,45.9287,235.6458,199.89,0.499,0.382
1533,51.1000,4.7456,37.1749,232.7847,201.07,0.477,0.395
1534,51.1333,3.9977,33.8739,236.5764,202.89,0.492,0.412
1535,51.1667,2.1688,27.6751,236.2986,204.60,0.483,0.418
1536,51.2000,3.5270,23.4084,184.2222,205.26,0.477,0.415
1537,51.2333,3.4128,22.0581,148.1597,206.55,0.463,0.407
1538,51.2667,1.6641,18.3880,91.3889,207.51,0.470,0.400
1539,51.3000,3.2757,17.1576,99.8194,208.02,0.472,0.396
1540,51.3333,3.1114,17.4869,107.3403,208.69,0.507,0.399
1541,51.3667,1.9242,15.8402,92.8264,209.25,0.488,0.429
1542,51.4000,3.4878,15.1402,79.5903,209.42,0.479,0.421
1543,51.4333,3.8939,15.7437,78.7778,209.71,0.471,0.422
1544,51.4667,2.0059,14.6182,65.9306,209.99,0.484,0.410
1545,51.5000,4.8409,14.8901,64.3750,210.05,0.474,0.437
1546,51.5333,4.7030,15.6949,71.5278,210.59,0.467,0.414
1547,51.5667,2.3100,15.1675,70.0903,211.06,0.465,0.428
1548,51.6000,4.3957,15.4355,77.4583,211.40,0.455,0.435
1549,51.6333,4.3235,16.2407,88.1736,211.99,0.445,0.437
1550,51.6667,2.4347,15.9735,85.1250,212.60,0.427,0.432
1551,51.7000,4.2984,16.2797,89.3889,212.82,0.438,0.441
1552,51.7333,3.9365,16.9732,95.5347,213.50,0.433,0.440
1553,51.7667,1.9795,16.2303,85.0000,214.08,0.439,0.431
1554,51.8000,3.9025,16.1560,72.7569,214.43,0.420,0.427
1555,51.8333,4.3282,16.5419,76.5486,214.94,0.363,0.437
1556,51.8667,1.6474,15.6321,72.3472,215.74,0.434,0.433
1557,51.9000,3.1645,15.0252,72.7917,216.01,0.410,0.433
1558,51.9333,3.1455,15.1852,77.8403,216.66,0.362,0.448
1559,51.9667,1.6611,14.1443,76.2708,217.22,0.406,0.461
1560,52.0000,2.2875,13.4960,79.2569,217.62,0.420,0.429
1561,52.0333,2.3269,13.4363,80.6042,218.09,0.402,0.431
1562,52.0667,1.1093,12.2794,70.5903,218.59,0.410,0.434
1563,52.1000,1.8328,11.5153,67.5694,218.70,0.424,0.440
1564,52.1333,2.1851,11.2877,67.5208,219.19,0.346,0.435
1565,52.1667,0.9150,10.1832,60.4306,219.51,0.395,0.434
1566,52.2000,1.2945,9.4098,55.0556,219.77,0.430,0.448
1567,52.2333,1.3828,9.1393,55.2639,219.99,0.392,0.435
1568,52.2667,0.6967,8.0763,47.5625,220.37,0.388,0.430
1569,52.3000,1.2378,7.3841,43.7153,220.47,0.385,0.425
1570,52.3333,1.0110,7.4444,43.3194,220.79,0.446,0.482
1571,52.3667,0.5280,6.6147,37.1250,220.86,0.429,0.445
1572,52.4000,1.0658,6.3293,36.1806,221.06,0.310,0.437
1573,52.4333,0.7803,6.1731,35.4375,221.32,0.415,0.409
1574,52.4667,0.3779,5.3644,29.7153,221.49,0.403,0.456
1575,52.5000,0.6171,4.6370,23.8194,221.43,0.429,0.418
1576,52.5333,0.4386,4.7405,25.1597,221.71,0.415,0.425
1577,52.5667,0.2524,4.3602,24.7361,221.75,0.394,0.427
1578,52.6000,0.2799,3.8020,22.4653,221.84,0.403,0.429
1579,52.6333,0.4472,3.7823,21.0556,221.80,0.482,0.672
1580,52.6667,0.1450,2.9299,16.6736,221.75,0.552,0.385
1581,52.7000,0.1023,2.3153,12.7569,221.77,0.566,0.316
1582,52.7333,0.0936,2.0608,10.9931,221.78,0.585,0.385
1583,52.7667,0.2678,1.3352,9.9583,221.75,0.421,0.503
1584,52.8000,0.9784,0.9785,9.1875,221.77,0.382,0.417
1585,52.8333,1.7859,2.7462,15.4375,221.51,0.353,0.445
1586,52.8667,1.0075,3.7595,22.0903,221.20,0.398,0.462
1587,52.9000,2.7172,4.6277,26.2153,220.83,0.370,0.455
1588,52.9333,3.1185,6.5181,41.0833,220.24,0.394,0.464
1589,52.9667,2.0307,7.5164,49.3750,219.30,0.396,0.465
1590,53.0000,4.3385,10.0914,70.5556,218.78,0.392,0.472
1591,53.0333,4.9652,12.8174,93.6944,217.35,0.410,0.489
1592,53.0667,3.5793,14.0426,99.8750,215.94,0.401,0.460
1593,53.1000,5.9867,16.6201,117.5139,214.97,0.416,0.483
1594,53.1333,7.0424,19.4446,114.7639,213.04,0.415,0.481
1595,53.1667,4.4576,20.3507,107.4444,210.70,0.432,0.485
1596,53.2000,8.5800,22.9400,112.0069,209.66,0.407,0.477
1597,53.2333,9.7923,26.3368,165.6597,207.00,0.401,0.478
1598,53.2667,6.1273,27.4491,195.5556,203.92,0.405,0.485
1599,53.3000,11.9658,30.8026,229.2083,202.09,0.411,0.474
1600,53.3333,13.5039,35.4473,226.8194,198.23,0.422,0.470
1601,53.3667,8.6020,36.7282,219.7292,194.24,0.438,0.475
1602,53.4000,15.5747,40.0733,228.2292,192.13,0.452,0.465
1603,53.4333,16.1719,44.0422,229.8333,188.13,0.469,0.461
1604,53.4667,9.2946,43.8449,230.4375,184.45,0.475,0.471
1605,53.5000,17.0485,48.2029,231.5972,182.78,0.417,0.436
1606,53.5333,16.3002,54.6899,233.5278,182.32,0.388,0.417
1607,53.5667,7.8439,53.6905,228.6528,183.42,0.393,0.424
1608,53.6000,12.4762,54.5806,230.1111,184.01,0.398,0.413
1609,53.6333,10.7102,56.9826,238.5556,184.44,0.400,0.428
1610,53.6667,4.8979,54.3638,239.5347,184.08,0.401,0.430
1611,53.7000,8.1963,52.2886,240.1875,184.32,0.405,0.426
1612,53.7333,7.0700,52.4635,240.3472,184.34,0.416,0.427
1613,53.7667,3.7937,46.0981,224.1319,184.52,0.434,0.445
1614,53.8000,5.7139,39.7172,163.8194,184.58,0.419,0.428
1615,53.8333,4.9969,38.1968,148.1806,184.74,0.423,0.423
1616,53.8667,2.3428,32.2103,155.5764,184.63,0.432,0.419
1617,53.9000,3.9388,29.0298,146.4306,184.72,0.434,0.404
1618,53.9333,3.3891,28.1706,136.8333,184.67,0.435,0.401
1619,53.9667,1.5538,24.1331,107.9375,184.65,0.423,0.389
1620,54.0000,2.6686,21.3898,87.3403,184.84,0.427,0.362
1621,54.0333,2.3473,20.6975,79.9028,184.82,0.423,0.358
1622,54.0667,1.4397,17.8907,74.1181,184.87,0.418,0.435
1623,54.1000,2.4470,16.0610,74.7708,184.71,0.430,0.388
1624,54.1333,2.8964,16.2626,84.6875,184.85,0.480,0.417
1625,54.1667,1.8097,14.5284,83.7986,184.65,0.506,0.453
1626,54.2000,2.8595,13.8834,89.5833,184.44,0.526,0.347
1627,54.2333,3.0398,15.1298,99.5278,184.05,0.562,0.338
1628,54.2667,1.6026,14.5816,100.4792,183.92,0.567,0.309
1629,54.3000,3.0839,15.3576,110.1944,183.71,0.574,0.306
1630,54.3333,3.2934,16.9603,121.7431,183.36,0.575,0.330
1631,54.3667,1.8102,16.6531,115.9236,182.91,0.590,0.359
1632,54.4000,3.4497,17.3299,118.2778,182.94,0.605,0.357
1633,54.4333,3.3519,18.3423,124.8125,182.61,0.611,0.371
1634,54.4667,1.7449,17.7373,118.5694,182.41,0.618,0.384
1635,54.5000,3.2363,17.8889,110.8125,182.22,0.620,0.404
1636,54.5333,2.9567,18.8187,111.3125,182.21,0.622,0.425
1637,54.5667,1.4696,17.5766,102.6875,182.00,0.625,0.459
1638,54.6000,2.7941,17.1773,88.8056,182.03,0.627,0.484
1639,54.6333,2.6629,17.5059,82.5833,181.73,0.617,0.538
1640,54.6667,1.3979,16.0533,67.2292,181.83,0.606,0.578
1641,54.7000,2.5933,15.1610,55.3681,181.85,0.584,0.598
1642,54.7333,3.2220,15.7375,52.7986,181.93,0.553,0.629
1643,54.7667,1.5981,14.2620,41.6250,182.11,0.526,0.578
1644,54.8000,3.1305,14.0672,41.7639,182.25,0.513,0.547
1645,54.8333,3.8244,15.3102,41.2847,182.15,0.506,0.509
1646,54.8667,2.2508,15.5048,38.8819,182.17,0.503,0.482
1647,54.9000,5.3823,17.4533,38.1944,182.04,0.506,0.471
1648,54.9333,5.6603,21.0239,46.4444,182.21,0.493,0.433
1649,54.9667,3.3114,22.1359,51.6181,182.16,0.498,0.430
1650,55.0000,7.0668,25.2292,64.1944,182.27,0.502,0.399
1651,55.0333,7.9150,28.8988,86.6944,182.12,0.496,0.398
1652,55.0667,4.3651,29.4982,95.8750,182.22,0.499,0.386
1653,55.1000,8.5955,32.2173,124.5208,182.32,0.491,0.384
1654,55.1333,8.1423,35.0214,137.1875,182.42,0.492,0.386
1655,55.1667,3.9874,33.7491,137.8472,182.87,0.495,0.405
1656,55.2000,7.1700,34.3205,155.0903,183.09,0.496,0.393
1657,55.2333,6.9595,35.2115,163.7292,183.82,0.481,0.415
1658,55.2667,3.0220,33.0028,155.2917,183.96,0.486,0.406
1659,55.3000,5.1491,32.0357,155.3750,184.34,0.482,0.392
1660,55.3333,4.4515,32.4684,157.0556,184.48,0.461,0.456
1661,55.3667,1.6538,29.1925,136.7708,184.54,0.484,0.503
1662,55.4000,2.9131,25.6962,116.1597,184.34,0.489,0.492
1663,55.4333,2.6088,24.9361,108.2569,184.04,0.489,0.487
1664,55.4667,1.3621,20.8706,86.6597,183.54,0.492,0.490
1665,55.5000,2.1621,18.8318,68.1250,183.53,0.484,0.478
1666,55.5333,1.7933,17.8103,63.5903,183.25,0.477,0.487
1667,55.5667,0.8976,14.2622,46.0486,183.07,0.471,0.502
1668,55.6000,1.5160,12.4481,34.4583,182.88,0.476,0.489
1669,55.6333,1.2396,12.3645,33.9514,182.81,0.465,0.507
1670,55.6667,0.6522,10.6277,28.0347,182.62,0.472,0.500
1671,55.7000,1.2232,9.4198,23.5347,182.59,0.467,0.537
1672,55.7333,0.9174,8.9745,22.2778,182.25,0.475,0.486
1673,55.7667,0.4260,7.5492,18.2778,182.23,0.495,0.455
1674,55.8000,0.6764,6.5794,16.9722,182.13,0.481,0.488
1675,55.8333,0.7438,6.4704,17.5069,182.16,0.355,0.538
1676,55.8667,0.5129,5.5706,15.5208,182.04,0.318,0.553
1677,55.9000,0.6742,4.8079,15.3611,182.08,0.343,0.596
1678,55.9333,0.6317,4.4571,14.4097,181.93,0.466,0.607
1679,55.9667,0.5111,3.5154,13.8611,181.98,0.560,0.598
1680,56.0000,0.5200,2.7952,13.0417,181.91,0.648,0.640
1681,56.0333,0.4233,2.4236,12.7153,181.88,0.765,0.674
1682,56.0667,0.1937,1.8293,12.1736,181.90,0.746,0.651
1683,56.1000,0.2020,1.3930,9.4931,181.88,0.842,0.676
1684,56.1333,0.0444,1.1471,9.7708,181.90,0.824,0.678
1685,56.1667,0.3224,1.1860,9.4444,181.89,0.544,0.750
1686,56.2000,0.1597,0.9931,11.8194,182.13,0.875,0.679
1687,56.2333,0.1265,0.8726,12.0625,182.13,0.872,0.656
1688,56.2667,0.0418,0.7662,11.9514,182.14,0.867,0.667
1689,56.3000,0.0737,0.7384,12.6042,182.14,0.897,0.668
1690,56.3333,0.0432,0.6888,14.0972,182.14,0.803,0.614
1691,56.3667,0.0175,0.5999,14.0556,182.13,0.773,0.664
1692,56.4000,0.0548,0.6130,15.9167,182.13,0.896,0.686
1693,56.4333,0.4102,0.7064,15.9167,182.13,0.521,0.759
1694,56.4667,0.0165,0.6313,13.3750,181.79,0.639,0.693
1695,56.5000,0.0036,0.5780,11.9375,181.79,0.418,0.535
1696,56.5333,0.0021,0.5544,11.9236,181.79,0.513,0.511
1697,56.5667,0.0072,0.5056,11.9028,181.79,0.479,0.576
1698,56.6000,0.0089,0.4772,11.8750,181.79,0.566,0.503
1699,56.6333,0.0557,0.5137,11.8611,181.79,0.551,0.776
1700,56.6667,0.0116,0.4642,11.8403,181.83,0.599,0.456
1701,56.7000,0.0193,0.0822,0.4861,181.83,0.633,0.542
1702,56.7333,0.0362,0.0942,1.2986,181.83,0.676,0.571
1703,56.7667,0.0220,0.1100,1.5556,181.82,0.673,0.483
1704,56.8000,0.0199,0.1230,1.8681,181.83,0.724,0.410
1705,56.8333,0.0116,0.1323,2.0764,181.82,0.750,0.514
1706,56.8667,0.0515,0.1612,2.7361,181.83,0.729,0.466
1707,56.9000,0.4145,0.4921,10.5000,181.80,0.559,0.740
1708,56.9333,0.3312,0.7038,10.5208,181.97,0.585,0.492
1709,56.9667,0.1015,0.7100,10.5278,181.91,0.800,0.666
1710,57.0000,0.1036,0.7016,10.5417,181.91,0.758,0.650
1711,57.0333,0.0994,0.6967,10.5417,181.90,0.690,0.630
1712,57.0667,0.1050,0.6988,10.5417,181.90,0.603,0.606
1713,57.1000,0.2161,0.7340,10.5625,181.89,0.521,0.521
1714,57.1333,0.6704,0.8414,9.2361,181.90,0.501,0.652
1715,57.1667,0.3389,1.0513,9.9583,181.86,0.509,0.543
1716,57.2000,0.9863,1.8808,11.6736,181.85,0.491,0.544
1717,57.2333,1.3804,3.1656,14.6042,181.86,0.492,0.572
1718,57.2667,1.0301,4.0471,16.4861,181.99,0.494,0.538
1719,57.3000,4.5725,7.6840,36.1597,181.88,0.520,0.395
1720,57.3333,3.9817,10.1130,33.2639,182.99,0.472,0.421
1721,57.3667,1.5701,10.8215,33.5833,183.69,0.495,0.545
1722,57.4000,4.1656,13.0956,33.6181,183.81,0.478,0.509
1723,57.4333,5.2278,15.8306,52.5972,184.07,0.479,0.472
1724,57.4667,2.6396,16.7598,53.7014,184.86,0.489,0.548
1725,57.5000,6.1573,19.2196,60.2986,184.86,0.499,0.511
1726,57.5333,6.8800,22.5737,75.9653,185.52,0.487,0.534
1727,57.5667,3.9004,24.0680,76.0556,186.09,0.486,0.553
1728,57.6000,8.3177,26.5805,68.8750,186.22,0.492,0.556
1729,57.6333,10.1280,31.1482,67.5417,186.49,0.487,0.590
1730,57.6667,6.3253,32.1369,67.6528,187.12,0.481,0.572
1731,57.7000,12.6210,37.0043,82.5417,187.13,0.485,0.573
1732,57.7333,14.8135,43.7500,100.6319,187.34,0.483,0.595
1733,57.7667,9.3762,45.5841,117.2569,187.76,0.472,0.595
1734,57.8000,14.8121,48.8135,122.0486,187.95,0.482,0.487
1735,57.8333,15.2069,52.4414,131.2917,184.03,0.483,0.481
1736,57.8667,9.5484,51.7387,136.0625,178.98,0.468,0.508
1737,57.9000,16.2734,53.7806,155.1389,176.11,0.491,0.487
1738,57.9333,15.6760,56.9338,181.6806,170.31,0.485,0.486
1739,57.9667,8.9564,55.2755,179.8125,165.68,0.469,0.534
1740,58.0000,14.4965,55.4280,170.7083,163.47,0.484,0.515
1741,58.0333,12.4401,55.9469,161.6736,159.21,0.480,0.539
1742,58.0667,6.1055,52.7981,138.1250,155.96,0.474,0.542
1743,58.1000,10.0470,49.8560,119.0069,154.22,0.476,0.538
1744,58.1333,8.6057,50.1158,116.3333,151.37,0.482,0.546
1745,58.1667,3.9685,45.4667,113.0556,148.31,0.473,0.543
1746,58.2000,6.6952,41.9099,108.8611,147.22,0.478,0.569
1747,58.2333,6.0922,40.9931,106.5000,144.92,0.477,0.550
1748,58.2667,2.7673,36.2588,93.0278,143.27,0.485,0.554
1749,58.3000,4.2999,32.6327,95.0278,142.30,0.477,0.560
1750,58.3333,3.9310,31.6789,88.6736,141.44,0.479,0.565
1751,58.3667,1.7374,27.5473,75.0278,140.28,0.480,0.534
1752,58.4000,2.8743,24.0119,61.7153,139.83,0.478,0.563
1753,58.4333,3.0507,22.9428,56.1528,138.88,0.457,0.571
1754,58.4667,0.9832,19.8415,46.6250,138.51,0.504,0.553
1755,58.5000,1.6649,17.0830,51.7014,138.23,0.461,0.542
1756,58.5333,2.0382,16.2433,54.1944,137.75,0.464,0.553
1757,58.5667,0.3699,13.4678,50.0556,137.34,0.504,0.561
1758,58.6000,1.1611,11.2439,54.2639,137.26,0.395,0.459
1759,58.6333,1.2942,10.5607,67.0903,137.03,0.421,0.522
1760,58.6667,0.1274,8.5685,62.2917,137.09,0.510,0.372
1761,58.7000,0.5171,6.3585,45.2153,137.15,0.421,0.673
1762,58.7333,1.1871,6.1694,45.2222,137.16,0.424,0.534
1763,58.7667,0.0845,5.1788,37.2153,137.43,0.471,0.379
1764,58.8000,1.1147,4.5025,44.4236,137.39,0.433,0.536
1765,58.8333,1.0277,4.8695,46.7153,137.57,0.391,0.537
1766,58.8667,0.1323,4.1364,40.7431,137.62,0.530,0.412
1767,58.9000,0.5307,3.4893,34.5972,137.67,0.483,0.650
1768,58.9333,0.9208,3.7946,34.8333,137.65,0.485,0.634
1769,58.9667,0.0897,3.7146,34.3472,137.71,0.508,0.349
1770,59.0000,0.3237,3.0761,32.1319,137.70,0.477,0.682
1771,59.0333,0.8993,3.3754,31.7292,137.68,0.503,0.645
1772,59.0667,0.1002,2.7027,34.0417,137.64,0.515,0.491
1773,59.1000,0.5562,2.3228,33.2778,137.71,0.510,0.677
1774,59.1333,0.9396,2.4771,31.0139,137.69,0.527,0.660
1775,59.1667,0.1682,2.4755,34.1667,137.61,0.511,0.458
1776,59.2000,0.8645,2.3387,28.2222,137.48,0.533,0.517
1777,59.2333,1.0552,2.6136,31.0139,137.72,0.530,0.638
1778,59.2667,0.0729,2.6558,31.0764,137.85,0.503,0.407
1779,59.3000,0.7555,2.7412,32.5903,137.88,0.527,0.695
1780,59.3333,0.6029,2.8956,30.5486,137.87,0.564,0.753
1781,59.3667,0.0430,2.7496,33.9444,137.93,0.524,0.496
1782,59.4000,0.4953,2.6016,32.9028,137.92,0.571,0.691
1783,59.4333,0.7517,2.8129,31.1319,137.99,0.576,0.695
1784,59.4667,0.0404,2.4832,33.5139,138.01,0.545,0.471
1785,59.5000,0.1888,1.9872,26.6597,138.04,0.636,0.886
1786,59.5333,0.7531,2.1778,30.6250,138.03,0.599,0.715
1787,59.5667,0.0323,1.8064,31.6042,137.98,0.490,0.391
1788,59.6000,0.6350,1.8592,32.1042,137.96,0.578,0.631
1789,59.6333,2.7971,4.2066,32.3333,138.10,0.510,0.375
1790,59.6667,3.3931,7.0445,35.4792,138.00,0.494,0.325
1791,59.7000,11.4780,16.1158,88.9583,138.03,0.480,0.318
1792,59.7333,17.7938,24.7751,86.4306,137.76,0.465,0.331
1793,59.7667,13.2718,29.6497,97.6944,137.45,0.449,0.323
1794,59.8000,20.2168,39.2768,128.6319,137.45,0.513,0.346
1795,59.8333,23.8413,49.3056,141.7014,141.65,0.514,0.364
1796,59.8667,18.7605,55.2903,180.6458,148.52,0.461,0.345
1797,59.9000,34.9963,70.8504,216.1181,152.46,0.463,0.347
1798,59.9333,42.8279,88.1743,216.0833,157.49,0.451,0.369
1799,59.9667,29.5837,95.3045,229.1875,167.06,0.440,0.372
1800,60.0000,45.0663,103.7219,227.2431,172.42,0.447,0.377
1801,60.0333,36.4022,106.2278,226.0694,185.62,0.441,0.390
1802,60.0667,17.1008,104.5892,225.1944,194.88,0.462,0.398
1803,60.1000,24.2166,105.4480,234.8819,198.88,0.452,0.412
1804,60.1333,21.9236,109.5603,226.5556,205.01,0.535,0.450
1805,60.1667,9.6075,107.0646,219.2847,205.86,0.508,0.450
1806,60.2000,12.2478,99.8979,213.7569,206.36,0.524,0.453
1807,60.2333,6.8277,94.0970,218.0833,206.03,0.596,0.438
1808,60.2667,2.4559,77.8280,218.1944,204.90,0.636,0.422
1809,60.3000,2.5531,62.1444,222.4167,204.24,0.630,0.413
1810,60.3333,0.5102,54.5896,222.9375,203.74,0.587,0.521
1811,60.3667,15.4372,41.8877,173.3750,203.61,0.606,0.438
1812,60.4000,0.1456,31.1479,79.0972,214.09,0.489,0.302
1813,60.4333,0.2911,26.7247,72.4167,214.09,0.559,0.372
1814,60.4667,0.1778,20.5048,77.1319,214.13,0.500,0.321
1815,60.5000,0.3638,17.7985,81.0208,214.06,0.488,0.345
1816,60.5333,10.2575,25.7359,159.6944,214.04,0.603,0.699
1817,60.5667,1.0301,24.6979,160.1667,204.53,0.570,0.536
1818,60.6000,1.9121,24.8535,155.8958,204.65,0.564,0.547
1819,60.6333,2.5785,12.6287,81.9861,204.84,0.547,0.572
1820,60.6667,1.5616,12.8034,86.1736,204.65,0.572,0.533
1821,60.7000,2.9082,13.4404,95.0694,204.84,0.548,0.560
1822,60.7333,3.5244,14.1327,106.3125,204.76,0.547,0.571
1823,60.7667,2.2765,14.3507,108.2083,204.81,0.558,0.560
1824,60.8000,4.6672,16.0540,83.5208,204.90,0.542,0.584
1825,60.8333,5.6304,19.1466,112.7431,204.77,0.534,0.590
1826,60.8667,3.5051,20.2033,120.4792,204.53,0.537,0.593
1827,60.9000,6.7550,22.9096,141.7639,204.68,0.537,0.590
1828,60.9333,7.3382,25.5085,154.5278,204.34,0.527,0.583
1829,60.9667,4.3393,25.3048,149.6944,204.20,0.516,0.571
1830,61.0000,8.3250,25.7466,141.0000,204.39,0.513,0.583
1831,61.0333,7.9133,25.2661,142.3125,204.94,0.513,0.600
1832,61.0667,3.5688,25.1989,140.2361,205.79,0.497,0.565
1833,61.1000,5.7406,25.5677,138.5764,205.74,0.483,0.552
1834,61.1333,5.0140,25.3346,130.2917,205.41,0.476,0.562
1835,61.1667,7.2137,21.9105,106.1806,204.78,0.481,0.796
1836,61.2000,2.5869,21.7677,129.7014,210.63,0.465,0.430
1837,61.2333,1.7537,21.2928,145.7639,210.79,0.446,0.359
1838,61.2667,0.9734,19.0911,159.5694,210.66,0.481,0.415
1839,61.3000,4.2732,18.0235,143.2986,210.77,0.456,0.563
1840,61.3333,3.1965,18.1332,138.2917,210.81,0.414,0.367
1841,61.3667,2.4256,17.8046,120.0972,210.41,0.446,0.337
1842,61.4000,1.8621,17.7536,124.5764,210.46,0.472,0.405
1843,61.4333,1.3255,12.4418,88.0694,210.33,0.463,0.475
1844,61.4667,0.5727,11.6852,84.1319,210.18,0.458,0.440
1845,61.5000,0.6299,11.1734,79.0694,210.20,0.439,0.514
1846,61.5333,0.4299,10.7963,76.4306,210.09,0.422,0.503
1847,61.5667,0.2096,8.9977,71.2708,210.05,0.419,0.442
1848,61.6000,0.2212,6.5164,50.9375,210.08,0.434,0.471
1849,61.6333,0.3136,4.8413,32.1806,210.00,0.563,0.317
1850,61.6667,0.0535,3.3504,18.1181,209.87,0.419,0.582
1851,61.7000,0.3519,2.2450,19.5069,209.84,0.561,0.336
1852,61.7333,0.9704,2.3256,28.2847,209.76,0.577,0.337
1853,61.7667,0.0409,1.7633,28.2292,209.29,0.421,0.382
1854,61.8000,0.3443,1.3845,27.6389,209.32,0.547,0.349
1855,61.8333,0.3336,1.2001,24.8403,209.31,0.556,0.364
1856,61.8667,0.0097,1.0490,24.7847,209.34,0.550,0.517
1857,61.9000,0.1561,1.0991,29.1597,209.34,0.554,0.367
1858,61.9333,0.2186,1.0813,27.5556,209.35,0.539,0.374
1859,61.9667,0.0413,1.0496,28.9861,209.33,0.468,0.456
1860,62.0000,0.2861,0.7718,23.2361,209.37,0.501,0.666
1861,62.0333,0.0888,0.7422,22.2292,209.46,0.498,0.413
1862,62.0667,0.0703,0.7623,19.3750,209.49,0.464,0.413
1863,62.1000,0.0967,0.5964,11.2153,209.44,0.495,0.349
1864,62.1333,0.0710,0.5630,11.0417,209.50,0.507,0.333
1865,62.1667,0.0105,0.5372,10.4236,209.50,0.392,0.345
1866,62.2000,0.0407,0.4085,6.0069,209.51,0.468,0.403
1867,62.2333,0.1181,0.4382,6.0694,209.48,0.562,0.470
1868,62.2667,9.7976,9.8255,75.8889,209.48,0.588,0.443
1869,62.3000,0.2807,9.8007,75.9097,208.01,0.765,0.479
1870,62.3333,0.1385,9.8076,75.8819,208.01,0.796,0.477
1871,62.3667,0.0628,9.7673,75.8958,208.04,0.776,0.489
1872,62.4000,0.6627,9.8411,75.8819,208.05,0.646,0.613
1873,62.4333,0.0281,9.8253,75.8889,207.99,0.719,0.499
1874,62.4667,0.0575,9.8747,75.9236,207.99,0.657,0.557
1875,62.5000,0.0386,9.9218,75.9236,207.95,0.673,0.478
1876,62.5333,0.0650,0.8462,22.4097,207.95,0.592,0.675
1877,62.5667,0.0234,0.8138,21.2917,207.89,0.590,0.605
1878,62.6000,0.0737,0.8163,21.0208,207.90,0.606,0.624
1879,62.6333,0.0622,0.7931,18.7986,207.92,0.655,0.557
1880,62.6667,0.1224,0.2374,3.2431,207.91,0.585,0.532
1881,62.7000,0.1122,0.2282,4.4375,207.91,0.580,0.523
1882,62.7333,0.0407,0.2112,4.6319,207.91,0.684,0.467
1883,62.7667,0.0399,0.2201,4.6875,207.93,0.663,0.429
1884,62.8000,0.0928,0.2611,5.7083,207.91,0.630,0.511
1885,62.8333,0.0407,0.2521,5.2014,207.95,0.677,0.489
1886,62.8667,0.1108,0.2905,6.0139,207.94,0.608,0.523
1887,62.9000,0.2680,0.4425,5.7083,207.96,0.536,0.618
1888,62.9333,0.3813,0.4058,5.3611,207.75,0.549,0.547
1889,62.9667,0.4325,0.7771,12.3403,207.94,0.499,0.759
1890,63.0000,0.0040,0.7461,12.3194,207.83,0.522,0.279
1891,63.0333,0.0042,0.7581,12.3125,207.83,0.620,0.519
1892,63.0667,0.0633,0.7284,12.2292,207.84,0.551,0.496
1893,63.1000,0.0604,0.7108,12.2292,207.82,0.521,0.463
1894,63.1333,0.1441,0.7576,12.4722,207.85,0.599,0.491
1895,63.1667,0.0500,0.8595,12.2986,207.78,0.552,0.558
1896,63.2000,0.0120,0.5957,12.0347,207.82,0.477,0.471
1897,63.2333,0.0264,0.1583,4.3681,207.82,0.614,0.521
1898,63.2667,0.0319,0.1565,4.3542,207.81,0.536,0.508
1899,63.3000,0.0742,0.1924,6.4722,207.79,0.659,0.449
1900,63.3333,0.0110,0.1844,6.5347,207.77,0.577,0.407
1901,63.3667,0.0272,0.1982,6.8472,207.77,0.714,0.473
1902,63.4000,0.0497,0.1993,4.9028,207.76,0.702,0.488
1903,63.4333,0.0665,0.1952,5.2431,207.76,0.621,0.473
1904,63.4667,0.0485,0.2139,5.2153,207.79,0.650,0.461
1905,63.5000,0.0497,0.2042,5.4167,207.77,0.618,0.455
1906,63.5333,0.0990,0.2654,5.5903,207.79,0.556,0.480
1907,63.5667,0.1127,0.1998,3.3889,207.75,0.570,0.463
1908,63.6000,0.0617,0.2169,3.7500,207.82,0.590,0.450
1909,63.6333,0.1033,0.2687,4.9444,207.79,0.573,0.432
1910,63.6667,0.1345,0.3244,3.9236,207.81,0.529,0.489
1911,63.7000,1.2036,1.3109,4.5278,207.77,0.587,0.427
1912,63.7333,2.3747,3.4489,11.6319,208.10,0.594,0.427
1913,63.7667,1.7259,4.7968,16.8472,208.59,0.587,0.420
1914,63.8000,5.0745,8.7548,30.9236,208.89,0.528,0.445
1915,63.8333,7.6670,13.1597,44.6667,209.04,0.512,0.476
1916,63.8667,5.3509,15.4595,53.3750,210.92,0.470,0.465
1917,63.9000,9.9559,19.7236,67.4236,211.55,0.550,0.437
1918,63.9333,11.7170,24.3847,82.9583,213.91,0.580,0.423
1919,63.9667,8.1641,26.1705,91.1042,216.57,0.546,0.427
1920,64.0000,12.0438,27.0503,108.6736,217.80,0.518,0.360
1921,64.0333,13.4390,28.9223,131.7639,218.70,0.540,0.339
1922,64.0667,25.4629,42.3816,143.0972,220.40,0.551,0.505
1923,64.1000,36.6003,52.6842,205.0556,204.73,0.459,0.471
1924,64.1333,41.8124,70.4884,228.4375,196.75,0.464,0.463
1925,64.1667,27.2721,78.8458,233.0486,185.24,0.490,0.445
1926,64.2000,45.4919,95.2565,234.3403,178.05,0.465,0.449
1927,64.2333,39.6072,106.4169,231.7361,164.78,0.469,0.443
1928,64.2667,20.9886,109.6900,232.6042,156.24,0.480,0.442
1929,64.3000,30.2231,117.2809,231.6806,152.45,0.482,0.436
1930,64.3333,25.8224,120.2114,229.6944,145.43,0.497,0.444
1931,64.3667,12.9778,118.8742,237.9097,142.03,0.525,0.475
1932,64.4000,18.6548,116.6314,236.5347,140.31,0.514,0.493
1933,64.4333,15.2272,117.5348,234.2569,135.71,0.519,0.507
1934,64.4667,7.9070,106.5513,232.1389,130.99,0.522,0.525
1935,64.5000,14.5719,90.6957,227.8889,129.63,0.441,0.496
1936,64.5333,12.6738,85.8792,230.0903,130.14,0.430,0.485
1937,64.5667,5.6436,69.4900,224.9306,131.47,0.443,0.488
1938,64.6000,8.3496,59.0628,227.3194,131.86,0.454,0.483
1939,64.6333,5.5315,55.5015,206.5208,132.88,0.463,0.481
1940,64.6667,2.1157,47.8534,158.0903,133.52,0.471,0.482
1941,64.7000,2.2769,42.0978,163.5486,134.00,0.526,0.469
1942,64.7333,0.9097,38.6719,164.8958,133.53,0.484,0.612
1943,64.7667,0.0769,29.5883,123.6528,134.08,0.585,0.470
1944,64.8000,0.0155,20.3239,78.1042,134.07,0.407,0.792
1945,64.8333,0.0394,16.2549,60.0208,134.06,0.488,0.834
1946,64.8667,0.0665,9.5011,32.6250,134.04,0.453,0.693
1947,64.9000,0.0229,4.5377,13.8681,134.10,0.465,0.506
1948,64.9333,0.0586,2.8632,9.4931,134.10,0.532,0.704
1949,64.9667,1.4225,2.3951,28.2500,134.12,0.287,0.370
1950,65.0000,1.5521,1.8779,26.9653,134.15,0.321,0.311
1951,65.0333,2.8903,3.3662,39.7292,134.42,0.401,0.290
1952,65.0667,2.8223,4.2539,36.1389,135.78,0.447,0.286
1953,65.1000,3.5033,5.5873,46.8333,136.44,0.491,0.323
1954,65.1333,3.4805,7.2702,53.4931,137.24,0.554,0.336
1955,65.1667,4.5831,9.5854,57.5764,138.17,0.517,0.379
1956,65.2000,4.9258,11.9597,63.6736,139.57,0.513,0.372
1957,65.2333,4.6051,13.1638,64.4306,141.14,0.521,0.371
1958,65.2667,4.1169,15.0949,76.2083,141.91,0.550,0.321
1959,65.3000,3.1598,16.2883,76.0972,143.42,0.557,0.318
1960,65.3333,2.2289,16.1989,68.7361,144.60,0.521,0.303
1961,65.3667,2.4579,16.0368,69.0833,144.85,0.536,0.304
1962,65.4000,1.6851,15.9281,68.4792,145.15,0.527,0.304
1963,65.4333,1.4944,14.8953,74.2361,145.16,0.537,0.318
1964,65.4667,2.2508,14.0315,74.5139,145.46,0.535,0.376
1965,65.5000,1.8430,13.1100,80.7153,145.24,0.533,0.294
1966,65.5333,1.3468,12.1166,75.8194,145.84,0.537,0.303
1967,65.5667,1.1909,10.9287,70.2431,145.82,0.512,0.337
1968,65.6000,1.1388,10.5794,75.5069,145.79,0.482,0.347
1969,65.6333,1.3888,9.7571,77.8125,145.86,0.477,0.359
1970,65.6667,0.5955,8.8910,72.6250,145.78,0.385,0.436
1971,65.7000,1.4379,8.6826,73.0764,145.69,0.454,0.380
1972,65.7333,0.8730,7.6391,66.4514,145.81,0.394,0.460
1973,65.7667,1.0981,6.7657,56.9028,145.84,0.402,0.460
1974,65.8000,0.8583,6.2106,52.8611,145.77,0.398,0.479
1975,65.8333,0.8645,5.8317,50.0278,145.74,0.383,0.432
1976,65.8667,0.9299,5.6493,44.5000,145.79,0.409,0.477
1977,65.9000,1.0627,5.4808,40.0625,145.63,0.419,0.457
1978,65.9333,1.0942,5.8137,38.5069,145.59,0.425,0.523
1979,65.9667,0.8763,5.5285,33.3681,145.58,0.387,0.472
1980,66.0000,0.8625,5.5792,33.2639,145.53,0.393,0.441
1981,66.0333,1.0026,5.4894,36.6319,145.37,0.421,0.453
1982,66.0667,0.7844,5.4456,38.9792,145.61,0.409,0.491
1983,66.1000,0.7717,5.4106,35.6736,145.58,0.398,0.530
1984,66.1333,0.4565,5.0316,32.2014,145.67,0.393,0.485
1985,66.1667,1.1432,5.0005,34.4861,145.60,0.417,0.473
1986,66.2000,0.9223,4.7916,33.2986,145.67,0.426,0.478
1987,66.2333,1.4953,5.3368,43.7569,145.45,0.443,0.533
1988,66.2667,0.6998,5.1704,43.5486,145.67,0.410,0.545
1989,66.3000,0.7600,4.9436,46.6528,145.57,0.420,0.567
1990,66.3333,0.7662,4.8542,48.2153,145.50,0.444,0.523
1991,66.3667,0.8706,4.9678,50.4375,145.64,0.367,0.409
1992,66.4000,0.7188,5.0052,53.0208,145.49,0.432,0.540
1993,66.4333,0.8590,4.7683,56.0625,145.55,0.428,0.500
1994,66.4667,0.6162,4.5328,49.2986,145.69,0.455,0.586
1995,66.5000,0.5826,3.8086,37.1806,145.68,0.413,0.540
1996,66.5333,0.7502,3.7850,35.8194,145.87,0.435,0.517
1997,66.5667,0.7858,3.8337,46.5833,145.87,0.428,0.517
1998,66.6000,0.6636,3.7611,51.6528,146.08,0.440,0.548
1999,66.6333,0.7399,3.5401,41.7778,146.19,0.420,0.534
2000,66.6667,0.3658,3.4895,41.4306,146.21,0.461,0.701
2001,66.7000,0.7906,3.4922,38.3542,146.21,0.492,0.677
2002,66.7333,0.6025,3.4661,37.3472,146.17,0.499,0.631
2003,66.7667,0.5734,3.2397,31.2847,146.12,0.499,0.621
2004,66.8000,0.3104,2.9770,34.6667,146.12,0.485,0.781
2005,66.8333,0.5641,2.7393,33.1667,146.10,0.514,0.680
2006,66.8667,0.5456,2.6796,32.1181,146.14,0.517,0.664
2007,66.9000,0.5792,2.4909,31.3750,146.11,0.531,0.650
2008,66.9333,0.8357,2.5941,30.5278,146.18,0.542,0.605
2009,66.9667,0.8066,2.4294,28.0625,146.14,0.536,0.548
2010,67.0000,0.6668,2.6375,29.2014,146.32,0.523,0.741
2011,67.0333,0.6700,2.6654,31.0833,146.50,0.553,0.606
2012,67.0667,0.5915,2.7674,31.7014,146.60,0.560,0.712
2013,67.1000,0.5130,2.7278,32.7014,146.60,0.568,0.716
2014,67.1333,0.5299,2.6900,34.5486,146.69,0.574,0.697
2015,67.1667,0.5193,2.5978,31.2708,146.70,0.589,0.722
2016,67.2000,0.2542,2.5321,31.5347,146.73,0.631,0.897
2017,67.2333,0.4795,2.2725,30.7639,146.73,0.604,0.744
2018,67.2667,0.5598,2.0574,28.1806,146.75,0.594,0.745
2019,67.3000,0.4637,1.9200,28.0903,146.65,0.612,0.730
2020,67.3333,0.4446,1.8504,31.3333,146.65,0.626,0.739
2021,67.3667,0.3200,1.7622,32.2778,146.64,0.697,0.894
2022,67.4000,0.4357,1.7638,31.2986,146.64,0.645,0.743
2023,67.4333,0.4353,1.7707,35.4722,146.59,0.650,0.732
2024,67.4667,0.4703,1.8316,34.3819,146.56,0.656,0.734
2025,67.5000,0.4990,1.8522,31.8681,146.49,0.668,0.734
2026,67.5333,0.3211,1.7127,32.0486,146.43,0.725,0.826
2027,67.5667,0.4669,1.7248,29.9028,146.41,0.674,0.728
2028,67.6000,0.4949,1.8069,27.9444,146.36,0.667,0.707
