frame,time,motion,motion_w8,motion_localmax,luma,centroid_x,centroid_y
0,0.0000,55.3108,55.3108,145.6667,164.99,0.454,0.560
1,0.0167,17.7822,60.5086,152.5208,174.21,0.441,0.549
2,0.0333,12.6031,62.2176,161.0903,174.79,0.460,0.544
3,0.0500,11.1899,63.1325,185.0556,175.75,0.441,0.534
4,0.0667,9.4442,64.2495,202.2014,177.92,0.432,0.534
5,0.0833,8.0642,65.6789,205.0903,179.96,0.429,0.532
6,0.1000,6.9079,66.8084,197.4931,181.71,0.433,0.531
7,0.1167,6.3175,67.6517,191.9444,183.20,0.458,0.533
8,0.1333,5.4771,53.3528,174.9306,184.70,0.466,0.533
9,0.1500,5.0403,49.9827,190.6389,186.02,0.455,0.532
10,0.1667,4.5074,45.4877,179.1042,187.22,0.464,0.531
11,0.1833,4.0920,40.6292,159.1806,188.31,0.456,0.532
12,0.2000,3.7652,36.4469,142.5000,189.30,0.462,0.530
13,0.2167,3.4181,33.2016,127.9653,190.15,0.460,0.532
14,0.2333,3.1963,30.2587,114.0139,191.00,0.460,0.530
15,0.2500,3.0163,27.5994,104.5139,191.76,0.460,0.529
16,0.2667,2.7467,25.3812,104.7500,192.48,0.468,0.532
17,0.2833,39.9423,38.9657,160.5903,193.11,0.422,0.514
18,0.3000,32.6753,43.6042,169.3750,192.53,0.485,0.538
19,0.3167,8.9660,42.5164,156.2292,203.26,0.501,0.532
20,0.3333,6.0248,41.1549,146.5694,205.73,0.506,0.532
21,0.3500,4.6883,40.1595,141.2083,207.35,0.504,0.532
22,0.3667,3.7440,39.1257,138.9792,208.57,0.499,0.530
23,0.3833,3.1956,38.4654,136.5000,209.57,0.504,0.530
24,0.4000,2.7307,37.6386,135.6250,210.41,0.501,0.529
25,0.4167,2.4539,41.2237,151.3472,211.13,0.504,0.530
26,0.4333,2.1664,26.8644,153.2917,211.77,0.502,0.528
27,0.4500,1.9430,22.2934,134.9792,212.33,0.499,0.529
28,0.4667,1.8346,19.1600,121.4167,212.83,0.506,0.529
29,0.4833,1.6618,16.9109,111.4306,213.30,0.505,0.528
30,0.5000,1.4757,15.2166,101.9236,213.71,0.493,0.526
31,0.5167,1.3856,13.8771,94.6458,214.11,0.507,0.529
32,0.5333,1.3242,12.7063,88.3056,214.47,0.508,0.528
33,0.5500,1.2062,11.6029,78.3819,214.80,0.505,0.529
34,0.5667,1.1245,10.7150,72.1319,215.12,0.496,0.526
35,0.5833,1.0914,10.0156,67.3611,215.41,0.497,0.526
36,0.6000,1.0142,9.3415,63.3264,215.68,0.508,0.528
37,0.6167,0.9623,8.8172,62.2153,215.94,0.501,0.527
38,0.6333,0.8904,8.2822,60.0139,216.21,0.507,0.528
39,0.6500,0.8351,7.8554,57.0069,216.44,0.507,0.528
40,0.6667,0.8048,7.4041,51.7986,216.63,0.499,0.526
41,0.6833,25.0029,26.5144,133.2361,216.85,0.496,0.522
42,0.7000,7.7369,25.9769,135.0556,229.81,0.471,0.531
43,0.7167,4.0496,25.5632,139.6111,231.36,0.506,0.525
44,0.7333,2.8563,25.0904,139.6250,231.94,0.504,0.524
45,0.7500,2.1598,24.6364,136.8958,232.35,0.495,0.523
46,0.7667,1.7065,24.2242,133.9514,232.63,0.502,0.523
47,0.7833,5.0713,24.5413,124.4028,232.86,0.500,0.522
48,0.8000,2.1807,24.1436,122.7222,228.59,0.505,0.521
49,0.8167,1.8511,12.1461,72.3542,228.90,0.503,0.521
50,0.8333,1.6802,9.8299,65.1389,229.13,0.504,0.520
51,0.8500,1.5430,9.3130,63.6458,229.35,0.477,0.523
52,0.8667,1.2974,8.9646,62.7083,229.55,0.501,0.519
53,0.8833,3.5411,6.3687,48.4097,229.70,0.498,0.523
54,0.9000,0.8010,6.1127,49.3819,232.90,0.508,0.522
55,0.9167,0.7193,8.7230,62.8125,233.01,0.498,0.519
56,0.9333,0.7253,8.3698,62.0069,233.12,0.498,0.521
57,0.9500,0.6383,7.8899,55.8958,233.22,0.506,0.521
58,0.9667,0.6450,7.6181,56.8542,233.28,0.470,0.517
59,0.9833,1.1412,7.5455,54.9375,233.38,0.509,0.522
60,1.0000,0.4893,7.2887,54.5694,234.32,0.503,0.520
61,1.0167,0.4760,4.4040,39.6597,234.38,0.500,0.522
62,1.0333,0.4389,4.2096,38.3750,234.46,0.457,0.518
63,1.0500,0.3651,4.0289,36.7500,234.50,0.506,0.517
64,1.0667,0.4793,3.8808,34.8681,234.54,0.495,0.523
65,1.0833,7.5623,8.7711,70.2292,234.61,0.498,0.521
66,1.1000,0.8239,8.4765,68.1042,227.32,0.501,0.519
67,1.1167,0.7937,8.7503,66.5903,227.45,0.501,0.519
68,1.1333,0.7518,8.6156,65.2847,227.52,0.499,0.519
69,1.1500,0.7234,8.5270,66.3958,227.65,0.500,0.519
70,1.1667,0.6965,8.4200,66.6111,227.76,0.497,0.519
71,1.1833,0.6774,8.3560,66.4514,227.86,0.498,0.519
72,1.2000,0.6298,8.1756,64.7153,227.92,0.495,0.519
73,1.2167,0.6100,5.3984,56.3264,228.03,0.504,0.519
74,1.2333,0.5927,5.1813,54.0903,228.11,0.501,0.518
75,1.2500,0.5749,4.9746,52.0764,228.19,0.503,0.519
76,1.2667,0.5613,4.7580,50.1042,228.25,0.502,0.519
77,1.2833,0.5445,4.5715,48.8958,228.36,0.498,0.518
78,1.3000,0.5289,4.4696,48.6944,228.42,0.496,0.519
79,1.3167,0.5117,4.3564,47.5903,228.50,0.497,0.518
80,1.3333,0.5030,4.2410,46.1736,228.56,0.496,0.520
81,1.3500,0.4831,4.1297,44.8125,228.63,0.492,0.518
82,1.3667,0.4884,4.0467,43.8264,228.68,0.499,0.519
83,1.3833,0.4782,3.9548,42.4444,228.76,0.497,0.518
84,1.4000,0.4816,3.8572,41.3542,228.80,0.530,0.518
85,1.4167,0.5012,3.7933,40.8333,228.89,0.572,0.519
86,1.4333,0.5548,3.7760,42.6875,228.95,0.615,0.519
87,1.4500,0.6113,3.8132,45.6181,229.02,0.636,0.519
88,1.4667,0.7245,3.9113,49.0833,229.07,0.632,0.520
89,1.4833,0.8579,4.0639,52.2500,229.16,0.619,0.520
90,1.5000,1.0841,4.3569,54.5972,229.21,0.596,0.520
91,1.5167,1.2617,4.8761,55.8611,229.28,0.583,0.520
92,1.5333,1.4761,5.7750,65.3681,229.33,0.563,0.520
93,1.5500,1.7377,6.8006,71.0000,229.40,0.551,0.520
94,1.5667,2.0187,7.7542,77.7500,229.46,0.542,0.519
95,1.5833,2.2339,8.5676,83.5694,229.54,0.531,0.519
96,1.6000,2.6496,9.2293,84.4375,229.59,0.523,0.519
97,1.6167,2.9553,9.5602,87.8472,229.66,0.511,0.519
98,1.6333,3.3957,9.6329,87.4653,229.72,0.507,0.519
99,1.6500,3.8816,9.3375,88.7361,229.78,0.496,0.519
100,1.6667,4.3866,9.0574,82.9306,229.84,0.487,0.519
101,1.6833,11.3007,11.6844,94.2778,229.89,0.489,0.516
102,1.7000,2.6743,11.7957,99.8333,239.88,0.484,0.504
103,1.7167,2.0726,11.9156,101.6319,240.06,0.414,0.505
104,1.7333,1.7601,11.8338,105.9306,239.94,0.387,0.509
105,1.7500,1.6611,12.0424,108.1458,239.81,0.373,0.510
106,1.7667,1.5166,12.1255,106.3056,239.67,0.360,0.509
107,1.7833,1.3719,11.9808,103.8889,239.54,0.348,0.509
108,1.8000,1.2385,11.8739,102.3472,239.41,0.339,0.510
109,1.8167,1.1356,4.3732,68.6250,239.31,0.329,0.511
110,1.8333,1.2835,4.3926,77.0833,239.21,0.357,0.510
111,1.8500,1.1039,4.3243,86.7917,238.85,0.338,0.509
112,1.8667,0.9692,3.9223,85.1806,238.78,0.331,0.510
113,1.8833,0.9201,3.5598,73.4583,238.72,0.329,0.509
114,1.9000,0.8133,3.2735,61.7708,238.67,0.323,0.510
115,1.9167,1.0860,3.3612,50.6528,238.62,0.374,0.508
116,1.9333,0.8704,3.3174,46.2778,238.30,0.354,0.507
117,1.9500,0.7269,3.2574,45.9931,238.28,0.342,0.510
118,1.9667,0.6884,3.1210,42.7639,238.29,0.344,0.509
119,1.9833,0.6923,3.0209,41.7222,238.28,0.349,0.507
120,2.0000,0.9257,3.3110,39.6042,238.31,0.413,0.510
121,2.0167,0.6082,3.1696,38.6042,238.02,0.359,0.510
122,2.0333,0.5957,3.1068,37.2222,238.04,0.361,0.508
123,2.0500,0.8802,3.4450,35.8611,238.06,0.437,0.507
124,2.0667,0.6198,3.3979,35.2778,237.81,0.392,0.508
125,2.0833,0.5516,3.3652,35.7153,237.83,0.391,0.510
126,2.1000,0.8207,3.6539,40.1181,237.85,0.471,0.513
127,2.1167,0.5570,3.5732,39.7014,237.57,0.406,0.509
128,2.1333,0.5296,3.3979,35.5417,237.60,0.405,0.509
129,2.1500,0.7286,3.5186,34.9306,237.61,0.480,0.508
130,2.1667,0.5293,3.3888,33.6528,237.43,0.430,0.510
131,2.1833,0.8173,3.7607,38.8958,237.44,0.530,0.507
132,2.2000,0.5079,3.7181,38.9444,237.15,0.448,0.510
133,2.2167,0.4807,3.6740,40.9931,237.15,0.441,0.509
134,2.2333,0.6058,3.7699,43.6181,237.16,0.502,0.506
135,2.2500,0.4537,3.6666,43.8472,237.00,0.448,0.508
136,2.2667,0.7677,3.8037,41.2847,237.02,0.562,0.508
137,2.2833,0.4804,3.6334,37.6458,236.74,0.482,0.509
138,2.3000,0.9253,4.0255,33.9931,236.76,0.623,0.515
139,2.3167,0.5263,3.9656,33.5556,236.33,0.529,0.512
140,2.3333,0.4767,3.9793,34.9306,236.32,0.513,0.511
141,2.3500,0.4962,3.9772,36.2917,236.32,0.533,0.512
142,2.3667,0.4457,3.8907,36.9583,236.29,0.512,0.511
143,2.3833,0.4613,3.8152,36.6042,236.29,0.534,0.513
144,2.4000,0.4159,3.6314,34.2986,236.27,0.503,0.510
145,2.4167,0.4208,3.5219,33.2014,236.26,0.496,0.510
146,2.4333,0.4268,3.2916,31.2986,236.27,0.495,0.510
147,2.4500,0.4770,3.2154,29.3333,236.25,0.497,0.510
148,2.4667,0.4952,3.1803,27.9097,236.26,0.508,0.511
149,2.4833,0.5191,3.1963,27.0694,236.27,0.508,0.511
150,2.5000,0.5358,3.3536,29.2569,236.27,0.509,0.511
151,2.5167,0.5754,3.5324,32.2222,236.27,0.510,0.511
152,2.5333,0.5852,3.6948,34.8819,236.26,0.510,0.511
153,2.5500,0.5926,3.7884,36.6319,236.28,0.504,0.511
154,2.5667,0.6234,3.9434,38.5556,236.27,0.493,0.511
155,2.5833,0.6234,4.0034,39.2569,236.28,0.488,0.510
156,2.6000,0.7071,4.0538,39.0139,236.27,0.493,0.510
157,2.6167,0.7529,4.0900,36.9028,236.27,0.500,0.511
158,2.6333,0.8032,4.1820,36.7986,236.28,0.502,0.511
159,2.6500,0.8559,4.4408,39.8472,236.30,0.504,0.512
160,2.6667,0.8811,4.6904,44.5347,236.30,0.496,0.511
161,2.6833,0.8991,4.8681,46.9931,236.30,0.484,0.510
162,2.7000,0.9894,4.9914,48.3194,236.29,0.485,0.510
163,2.7167,1.0922,4.9520,46.7014,236.29,0.492,0.511
164,2.7333,1.1803,4.9830,45.0278,236.30,0.495,0.512
165,2.7500,1.2345,5.0971,45.2014,236.31,0.487,0.511
166,2.7667,1.2530,5.2386,48.8750,236.32,0.474,0.510
167,2.7833,1.4601,5.2898,49.0694,236.31,0.483,0.511
168,2.8000,1.5843,5.1474,45.6667,236.31,0.487,0.512
169,2.8167,1.6291,5.0412,49.1736,236.34,0.470,0.510
170,2.8333,1.8678,5.0043,52.6111,236.32,0.473,0.510
171,2.8500,2.0500,5.0311,56.5208,236.34,0.478,0.512
172,2.8667,2.1260,4.9902,60.6875,236.35,0.458,0.510
173,2.8833,2.5496,5.2270,61.5625,236.36,0.470,0.511
174,2.9000,2.6661,5.4519,66.1806,236.37,0.451,0.510
175,2.9167,3.2178,5.8631,67.5764,236.37,0.458,0.511
176,2.9333,3.7661,6.0717,66.3819,236.38,0.450,0.511
177,2.9500,4.4465,5.9855,63.8403,236.43,0.438,0.511
178,2.9667,5.2231,6.3633,70.3681,236.43,0.420,0.511
179,2.9833,60.3687,60.0112,193.4306,236.45,0.635,0.511
180,3.0000,30.0685,72.5958,234.9306,180.45,0.554,0.511
181,3.0167,25.7296,78.0621,218.5278,167.00,0.489,0.490
182,3.0333,22.0125,81.0829,228.5486,161.73,0.459,0.487
183,3.0500,21.7985,81.3691,231.7083,158.70,0.504,0.490
184,3.0667,20.6532,80.8520,219.1389,157.94,0.496,0.491
185,3.0833,20.5094,80.1621,218.8333,157.84,0.502,0.491
186,3.1000,18.5432,80.0807,227.1111,158.69,0.487,0.491
187,3.1167,17.3901,60.3421,203.7292,158.69,0.470,0.491
188,3.1333,15.7139,58.7952,201.0069,158.58,0.480,0.493
189,3.1500,15.2095,55.7068,190.4861,157.88,0.467,0.495
190,3.1667,15.0572,56.0063,194.8056,157.03,0.488,0.497
191,3.1833,15.4785,54.9224,197.0625,156.20,0.487,0.503
192,3.2000,14.4261,53.2465,179.1250,158.31,0.471,0.500
193,3.2167,14.0018,51.6738,185.3056,158.45,0.468,0.506
194,3.2333,13.5307,49.9027,178.8194,158.63,0.468,0.500
195,3.2500,13.4339,48.2317,188.7778,158.46,0.471,0.501
196,3.2667,12.8824,46.3118,184.5694,158.46,0.476,0.504
197,3.2833,12.9098,44.8030,159.2361,158.49,0.491,0.500
198,3.3000,12.9717,44.1591,134.8750,158.65,0.499,0.505
199,3.3167,12.3116,42.8092,150.8889,158.55,0.500,0.497
200,3.3333,11.8162,41.6472,164.2917,158.33,0.506,0.499
201,3.3500,11.6735,40.8951,164.8542,157.84,0.503,0.501
202,3.3667,11.2610,40.3308,151.8819,157.42,0.497,0.500
203,3.3833,11.9977,39.5140,144.4514,156.82,0.485,0.513
204,3.4000,10.6658,39.1679,143.2847,156.76,0.494,0.494
205,3.4167,11.6819,37.9414,128.2778,156.02,0.480,0.510
206,3.4333,9.9721,37.3249,113.6181,155.90,0.503,0.493
207,3.4500,9.7246,36.3826,119.6319,155.83,0.540,0.484
208,3.4667,9.3201,35.4204,125.8958,156.34,0.530,0.483
209,3.4833,9.3145,34.3964,132.9861,156.57,0.527,0.482
210,3.5000,10.1005,33.1608,130.1667,156.56,0.515,0.492
211,3.5167,9.3383,32.2942,124.5625,156.88,0.523,0.481
212,3.5333,8.9518,30.9851,115.1319,156.78,0.513,0.480
213,3.5500,8.9316,29.7547,109.8125,156.88,0.517,0.479
214,3.5667,9.1580,29.1005,101.1250,157.02,0.526,0.480
215,3.5833,10.7477,28.2414,88.3681,156.66,0.500,0.500
216,3.6000,9.4733,27.8124,86.4375,156.45,0.529,0.481
217,3.6167,9.4038,27.4674,84.9653,156.50,0.525,0.480
218,3.6333,9.2729,26.7071,90.0417,156.26,0.522,0.479
219,3.6500,9.0330,26.2866,92.9167,156.23,0.518,0.479
220,3.6667,10.6914,26.2466,96.9722,156.10,0.472,0.508
221,3.6833,8.1380,25.6972,99.8819,155.60,0.508,0.479
222,3.7000,7.7096,25.2375,102.9583,155.76,0.500,0.478
223,3.7167,8.5654,26.0038,95.0764,155.70,0.483,0.485
224,3.7333,7.7439,25.6012,88.7986,155.94,0.495,0.478
225,3.7500,7.2732,25.2635,85.0486,155.99,0.485,0.478
226,3.7667,6.9371,24.9780,87.2361,156.19,0.493,0.479
227,3.7833,7.2005,24.3426,87.3403,156.09,0.475,0.479
228,3.8000,7.8586,23.4006,95.7083,156.14,0.457,0.493
229,3.8167,6.5837,23.6438,101.9861,156.22,0.472,0.479
230,3.8333,7.0038,23.9379,106.2431,156.34,0.467,0.478
231,3.8500,7.1107,23.9304,104.3472,156.32,0.470,0.478
232,3.8667,6.9082,24.1659,104.4653,156.75,0.465,0.476
233,3.8833,8.6649,24.0426,101.6042,157.02,0.414,0.509
234,3.9000,6.5484,24.2150,95.6250,157.51,0.451,0.475
235,3.9167,8.0250,24.7983,91.5347,157.69,0.397,0.501
236,3.9333,6.1319,24.6560,86.7708,158.49,0.437,0.478
237,3.9500,6.4984,24.7700,80.7778,158.65,0.428,0.474
238,3.9667,5.7471,24.9219,80.5278,159.01,0.434,0.477
239,3.9833,5.5864,24.4581,83.2569,159.11,0.447,0.475
240,4.0000,6.0209,23.8933,87.0694,159.07,0.422,0.490
241,4.0167,5.5278,23.2421,89.6042,158.68,0.442,0.473
242,4.0333,5.2099,23.0196,92.9583,158.59,0.443,0.475
243,4.0500,5.7259,22.5422,97.2361,158.29,0.438,0.474
244,4.0667,5.2702,22.5570,97.1319,158.22,0.435,0.476
245,4.0833,7.0099,23.2182,97.8542,157.88,0.374,0.501
246,4.1000,4.9186,23.4082,97.6875,157.10,0.463,0.472
247,4.1167,5.6444,23.5585,98.6111,157.27,0.470,0.472
248,4.1333,20.2566,32.8964,148.6806,158.20,0.261,0.526
249,4.1500,4.9047,32.3864,147.7431,173.53,0.467,0.469
250,4.1667,8.8269,33.2880,150.9653,173.89,0.343,0.506
251,4.1833,6.5187,33.6176,149.4931,175.03,0.464,0.476
252,4.2000,6.6887,33.6468,147.7569,176.07,0.437,0.469
253,4.2167,7.8877,34.4103,153.9097,176.17,0.405,0.481
254,4.2333,7.6501,34.7969,152.4306,176.04,0.403,0.461
255,4.2500,8.3848,35.5385,158.2778,176.28,0.384,0.454
256,4.2667,8.9092,27.5079,104.6667,176.21,0.395,0.453
257,4.2833,9.3214,28.8847,102.8056,176.48,0.393,0.456
258,4.3000,10.7803,28.8623,97.0278,176.42,0.381,0.477
259,4.3167,10.6984,30.5494,90.4861,175.67,0.403,0.457
260,4.3333,11.4787,32.3418,87.8264,175.48,0.398,0.459
261,4.3500,12.5174,34.6277,89.4514,175.39,0.392,0.459
262,4.3667,13.8803,36.5821,93.8750,175.22,0.389,0.460
263,4.3833,16.4421,38.5298,97.0972,174.73,0.372,0.474
264,4.4000,18.2414,41.2913,110.4653,173.59,0.381,0.463
265,4.4167,21.2683,45.1556,125.4306,172.44,0.375,0.461
266,4.4333,29.1026,49.8547,135.2639,170.57,0.358,0.464
267,4.4500,38.0139,59.4085,174.5972,167.49,0.370,0.471
268,4.4667,35.3727,64.5603,187.3819,164.32,0.392,0.462
269,4.4833,25.8788,66.4988,162.4444,158.89,0.401,0.455
270,4.5000,57.3426,87.7132,161.8958,154.69,0.482,0.503
271,4.5167,14.3474,88.6546,158.8958,192.77,0.420,0.450
272,4.5333,12.7819,89.3010,172.7847,186.92,0.403,0.443
273,4.5500,10.7331,91.2755,189.7639,182.82,0.425,0.420
274,4.5667,9.8810,92.1220,174.4514,179.01,0.423,0.419
275,4.5833,8.9197,85.4373,169.5347,176.40,0.413,0.413
276,4.6000,8.9595,76.8110,149.9861,174.25,0.405,0.406
277,4.6167,8.0335,72.9614,149.4028,172.90,0.393,0.400
278,4.6333,8.1277,43.4373,141.1736,171.80,0.374,0.390
279,4.6500,5.0863,39.4359,139.3958,170.61,0.391,0.418
280,4.6667,5.0279,35.8194,130.1528,169.26,0.384,0.415
281,4.6833,4.0211,32.2209,123.0139,168.53,0.398,0.427
282,4.7000,4.3202,28.9321,116.8958,167.95,0.406,0.420
283,4.7167,3.5750,25.7664,102.2639,167.58,0.411,0.433
284,4.7333,3.4342,23.2229,87.5556,167.18,0.428,0.422
285,4.7500,3.9209,21.6855,78.8194,167.12,0.462,0.422
286,4.7667,3.3426,20.2795,72.9097,166.35,0.465,0.442
287,4.7833,3.2709,19.6773,72.5417,166.13,0.503,0.442
288,4.8000,3.0933,19.0676,71.1250,165.59,0.526,0.444
289,4.8167,2.8815,18.8660,69.8264,165.40,0.532,0.464
290,4.8333,3.0758,18.6006,63.5208,164.98,0.571,0.454
291,4.8500,3.0719,18.4333,60.7639,164.74,0.589,0.457
292,4.8667,3.3230,18.0117,56.8958,164.35,0.642,0.467
293,4.8833,2.8294,16.8775,61.1736,164.13,0.683,0.449
294,4.9000,2.8507,16.3047,64.0139,164.02,0.713,0.466
295,4.9167,2.9569,15.7446,68.3264,163.84,0.712,0.461
296,4.9333,2.6814,14.7487,82.2847,163.45,0.717,0.454
297,4.9500,2.9433,14.0149,91.6806,163.67,0.670,0.440
298,4.9667,2.7069,13.6121,95.5903,163.47,0.657,0.443
299,4.9833,2.6309,13.3472,94.5625,163.48,0.622,0.459
300,5.0000,2.9702,13.5480,88.7361,163.27,0.601,0.440
301,5.0167,2.7873,13.9217,78.8819,163.60,0.532,0.445
302,5.0333,3.0830,14.2024,74.6389,163.66,0.507,0.442
303,5.0500,2.9692,14.9097,73.8750,163.80,0.467,0.453
304,5.0667,3.1089,15.2361,73.7083,163.83,0.437,0.436
305,5.0833,2.9515,15.1202,69.5625,164.33,0.424,0.451
306,5.1000,2.9413,14.9774,66.5694,164.82,0.378,0.439
307,5.1167,3.1509,15.3421,65.2014,165.57,0.366,0.453
308,5.1333,2.7454,15.4661,62.5764,165.78,0.347,0.448
309,5.1500,3.0060,15.8662,75.4097,166.12,0.321,0.452
310,5.1667,3.4472,16.5186,92.1944,166.16,0.298,0.454
311,5.1833,3.5355,17.0208,111.6389,166.31,0.253,0.467
312,5.2000,4.1209,17.2880,127.0208,166.46,0.249,0.481
313,5.2167,4.1073,17.4028,135.6181,166.87,0.229,0.493
314,5.2333,4.1389,17.3632,129.8542,167.46,0.228,0.479
315,5.2500,3.8714,17.0288,119.4861,167.88,0.252,0.504
316,5.2667,3.9554,17.1760,122.7153,168.69,0.231,0.496
317,5.2833,4.2176,17.4672,134.6667,168.67,0.216,0.496
318,5.3000,4.0215,17.1262,139.2500,168.20,0.206,0.481
319,5.3167,3.5794,16.1892,134.6458,168.02,0.196,0.488
320,5.3333,3.6828,15.5149,121.6597,168.54,0.239,0.492
321,5.3500,2.8944,14.9951,104.6806,169.12,0.253,0.484
322,5.3667,2.6756,14.3868,84.1250,169.07,0.290,0.493
323,5.3833,2.1962,13.6272,71.8403,168.92,0.300,0.472
324,5.4000,2.2056,13.2359,69.7917,168.57,0.281,0.481
325,5.4167,2.1441,13.5385,79.6944,168.55,0.318,0.454
326,5.4333,1.9821,13.3895,83.8889,168.13,0.318,0.458
327,5.4500,2.0268,13.0220,83.9792,167.94,0.349,0.437
328,5.4667,1.6849,11.9950,81.1875,167.45,0.323,0.460
329,5.4833,1.6378,11.3810,75.9306,167.32,0.352,0.425
330,5.5000,1.7897,11.0533,70.4931,166.94,0.341,0.425
331,5.5167,1.4661,10.8018,64.0069,166.70,0.386,0.422
332,5.5333,1.6114,10.4597,59.7431,166.34,0.363,0.453
333,5.5500,1.2893,10.0535,55.7014,166.17,0.369,0.413
334,5.5667,1.3537,9.8344,52.5972,165.92,0.392,0.442
335,5.5833,1.3557,9.5058,49.7778,165.56,0.399,0.410
336,5.6000,1.0921,9.0467,45.5833,165.12,0.387,0.487
337,5.6167,1.1305,8.6883,42.5000,165.08,0.391,0.451
338,5.6333,0.9613,8.2188,41.6389,164.88,0.418,0.483
339,5.6500,1.0794,8.0944,39.4931,164.75,0.420,0.465
340,5.6667,1.1565,7.8475,36.5069,164.36,0.456,0.503
341,5.6833,1.1061,7.7314,35.4653,164.44,0.414,0.496
342,5.7000,1.2345,7.3398,32.4097,164.31,0.507,0.510
343,5.7167,1.1772,7.4222,29.9792,164.27,0.496,0.547
344,5.7333,1.2419,7.4465,30.1389,164.10,0.575,0.511
345,5.7500,1.4373,7.6921,29.1736,164.52,0.542,0.526
346,5.7667,1.3352,7.7348,26.9028,164.57,0.604,0.523
347,5.7833,1.4418,7.7576,24.8889,164.73,0.560,0.545
348,5.8000,1.3841,7.6296,23.4236,164.61,0.589,0.466
349,5.8167,1.4400,7.8640,25.0278,164.98,0.556,0.494
350,5.8333,1.4405,8.1723,26.3056,165.06,0.570,0.439
351,5.8500,1.4545,8.6144,29.3681,165.48,0.547,0.470
352,5.8667,1.5229,9.0067,33.0694,165.55,0.554,0.371
353,5.8833,1.3426,9.1498,33.4514,166.27,0.541,0.405
354,5.9000,1.2219,9.3818,35.7361,166.61,0.563,0.367
355,5.9167,1.4499,9.7267,38.3611,167.11,0.513,0.396
356,5.9333,1.1405,9.7365,39.1736,167.32,0.561,0.310
357,5.9500,1.3025,9.7230,39.5972,167.90,0.504,0.327
358,5.9667,1.1783,9.5378,38.7222,168.27,0.545,0.315
359,5.9833,1.5673,9.6672,43.0000,168.77,0.515,0.385
360,6.0000,1.1050,9.2617,45.0833,169.14,0.551,0.301
361,6.0167,0.9914,8.9718,46.8056,169.79,0.528,0.327
362,6.0333,1.0684,8.7156,49.4931,170.16,0.536,0.307
363,6.0500,0.9523,8.4120,49.5417,170.68,0.533,0.320
364,6.0667,0.9419,8.0769,48.2083,170.97,0.552,0.400
365,6.0833,0.9737,7.7879,46.9097,171.52,0.496,0.377
366,6.1000,0.9526,7.6490,45.4167,171.76,0.495,0.388
367,6.1167,0.8000,6.9996,42.4583,172.11,0.534,0.366
368,6.1333,0.8637,6.7062,37.5000,172.26,0.488,0.479
369,6.1500,0.6727,6.3126,34.2361,172.53,0.545,0.436
370,6.1667,0.8375,6.2045,30.4375,172.64,0.478,0.451
371,6.1833,0.6634,6.0021,27.9097,172.74,0.536,0.420
372,6.2000,1.1386,6.0429,25.4167,172.72,0.458,0.499
373,6.2167,0.7809,5.9125,21.6181,172.89,0.526,0.478
374,6.2333,0.8895,5.9561,18.1528,172.84,0.471,0.517
375,6.2500,0.8267,6.1381,17.9167,172.80,0.506,0.425
376,6.2667,1.2232,6.3600,20.4097,172.58,0.510,0.529
377,6.2833,1.0358,6.6224,22.5139,172.57,0.536,0.453
378,6.3000,1.1363,6.8709,24.7569,172.38,0.508,0.485
379,6.3167,0.9829,7.2574,26.3958,172.20,0.532,0.424
380,6.3333,1.1936,7.4578,27.2083,171.83,0.469,0.479
381,6.3500,0.9817,7.6720,27.4792,171.76,0.515,0.418
382,6.3667,1.1947,7.8779,27.6042,171.49,0.472,0.437
383,6.3833,1.0245,8.1528,28.2569,171.32,0.515,0.388
384,6.4000,1.0388,7.9623,26.9792,170.95,0.468,0.455
385,6.4167,0.9321,7.8679,26.6597,170.91,0.497,0.375
386,6.4333,0.9694,7.6878,27.3750,170.66,0.463,0.422
387,6.4500,1.0268,7.6630,27.8889,170.46,0.498,0.362
388,6.4667,1.7939,8.1674,27.4583,170.13,0.491,0.486
389,6.4833,3.5021,10.4914,27.0486,169.86,0.511,0.479
390,6.5000,6.1739,14.2194,42.3681,168.70,0.509,0.498
391,6.5167,3.8943,15.6272,49.5764,167.20,0.514,0.496
392,6.5333,23.6030,32.3593,131.8750,166.24,0.529,0.504
393,6.5500,1.1724,31.5091,130.2778,149.01,0.468,0.505
394,6.5667,1.1783,31.0196,128.7778,149.47,0.456,0.502
395,6.5833,1.8237,30.4606,126.7639,149.55,0.450,0.465
396,6.6000,1.7383,29.6780,124.1667,150.16,0.425,0.525
397,6.6167,1.9724,28.4643,117.6319,150.49,0.412,0.509
398,6.6333,2.1326,27.0000,106.4861,150.92,0.423,0.534
399,6.6500,2.4546,26.2396,96.5000,150.95,0.386,0.513
400,6.6667,2.5656,11.2116,40.0764,151.39,0.400,0.511
401,6.6833,3.1620,12.1061,39.9722,151.52,0.393,0.518
402,6.7000,3.5681,13.4608,40.6944,151.89,0.382,0.495
403,6.7167,3.7027,14.2279,41.6736,152.23,0.382,0.547
404,6.7333,4.0225,15.0483,47.2361,151.97,0.375,0.532
405,6.7500,4.9084,16.2777,57.4306,152.41,0.314,0.515
406,6.7667,5.6583,18.1361,68.6736,152.21,0.280,0.501
407,6.7833,6.8462,19.8755,80.4236,151.52,0.238,0.490
408,6.8000,7.9238,21.4603,92.5833,150.84,0.222,0.478
409,6.8167,7.6627,21.9078,89.6319,151.10,0.230,0.489
410,6.8333,8.1430,22.6141,87.8194,152.53,0.244,0.475
411,6.8500,8.0953,24.2684,85.7639,154.01,0.264,0.492
412,6.8667,7.9813,24.8502,95.2917,154.52,0.269,0.496
413,6.8833,8.3719,25.7042,89.6597,155.39,0.299,0.497
414,6.9000,9.0162,27.0938,102.2500,156.48,0.330,0.502
415,6.9167,11.9574,27.5749,84.2500,157.19,0.313,0.490
416,6.9333,17.0638,30.8474,93.3194,156.16,0.319,0.501
417,6.9500,38.9345,52.0709,149.7917,158.19,0.406,0.501
418,6.9667,103.1933,97.6625,240.6389,161.34,0.497,0.484
419,6.9833,4.0174,100.8759,240.4375,59.39,0.505,0.469
420,7.0000,2.9275,103.9379,240.3472,56.04,0.506,0.466
421,7.0167,2.3828,106.4315,239.7917,53.56,0.503,0.462
422,7.0333,2.9281,109.3302,239.9236,51.79,0.478,0.416
423,7.0500,1.5278,108.9221,239.7014,50.52,0.490,0.448
424,7.0667,1.4911,112.0675,239.7361,49.58,0.481,0.457
425,7.0833,1.1312,116.7069,239.7361,48.49,0.483,0.440
426,7.1000,1.3234,15.2856,57.3958,47.75,0.502,0.463
427,7.1167,1.7236,13.0316,50.9931,46.67,0.487,0.360
428,7.1333,0.9974,11.0989,47.6736,47.03,0.485,0.451
429,7.1500,0.7091,9.6673,51.5347,46.40,0.492,0.429
430,7.1667,0.9083,8.2693,50.1250,45.97,0.479,0.482
431,7.1833,2.1255,8.9686,65.8611,45.30,0.444,0.425
432,7.2000,1.1862,8.2048,58.8403,46.66,0.468,0.435
433,7.2167,0.7157,7.5508,55.6458,46.23,0.476,0.432
434,7.2333,0.7828,6.7361,52.8472,45.95,0.492,0.457
435,7.2500,0.5882,5.9494,50.6042,45.46,0.473,0.427
436,7.2667,0.5372,5.4721,49.0625,45.31,0.468,0.439
437,7.2833,0.4737,5.2164,48.1944,45.03,0.475,0.437
438,7.3000,0.5239,4.8768,46.9167,44.88,0.466,0.484
439,7.3167,0.3549,4.3901,32.9375,44.53,0.476,0.419
440,7.3333,0.3966,3.8125,26.2847,44.47,0.467,0.437
441,7.3500,0.2684,3.4631,23.5069,44.35,0.482,0.423
442,7.3667,0.3818,3.1034,20.0486,44.28,0.473,0.452
443,7.3833,0.2004,2.7330,17.2639,44.06,0.468,0.430
444,7.4000,0.2166,2.4360,15.6111,44.05,0.466,0.431
445,7.4167,0.2809,2.2225,14.0833,43.93,0.479,0.453
446,7.4333,0.2473,1.9950,12.8750,43.95,0.490,0.438
447,7.4500,0.2159,1.8660,11.7708,43.78,0.479,0.437
448,7.4667,0.1801,1.6747,10.5556,43.82,0.467,0.470
449,7.4833,0.1220,1.5490,9.5069,43.72,0.475,0.438
450,7.5000,0.2691,1.4478,8.9236,43.70,0.468,0.473
451,7.5167,0.1352,1.3791,8.0972,43.56,0.488,0.443
452,7.5333,0.2490,1.3721,7.8611,43.57,0.486,0.465
453,7.5500,0.1037,1.2437,7.0764,43.54,0.475,0.438
454,7.5667,0.1873,1.1985,6.7917,43.51,0.482,0.499
455,7.5833,0.2317,1.1838,6.4722,43.36,0.494,0.450
456,7.6000,0.1394,1.1605,6.2569,43.42,0.471,0.431
457,7.6167,0.2076,1.2233,6.6111,43.35,0.471,0.456
458,7.6333,0.2081,1.2101,6.5694,43.35,0.451,0.478
459,7.6500,0.1669,1.2207,6.8056,43.20,0.493,0.438
460,7.6667,0.2884,1.2525,7.2639,43.20,0.491,0.444
461,7.6833,0.1546,1.2826,7.6389,43.09,0.467,0.404
462,7.7000,0.4510,1.5067,7.9722,43.05,0.499,0.456
463,7.7167,0.1622,1.4570,8.3125,42.81,0.481,0.410
464,7.7333,0.1498,1.4707,8.6458,42.83,0.456,0.405
465,7.7500,0.2490,1.4909,9.0208,42.75,0.476,0.422
466,7.7667,0.2324,1.5382,9.2778,42.75,0.473,0.444
467,7.7833,0.2521,1.6010,9.7778,42.62,0.477,0.411
468,7.8000,0.2086,1.5531,11.1389,42.64,0.457,0.397
469,7.8167,0.2154,1.6088,12.7986,42.56,0.463,0.380
470,7.8333,0.3484,1.5404,14.5625,42.52,0.479,0.431
471,7.8500,1.6272,2.9315,59.9722,42.40,0.446,0.524
472,7.8667,0.7743,3.0966,55.6806,43.74,0.459,0.492
473,7.8833,0.4590,3.0346,52.0139,43.67,0.443,0.474
474,7.9000,0.4144,2.9985,49.7639,43.62,0.453,0.478
475,7.9167,0.4651,2.9973,48.1389,43.47,0.469,0.459
476,7.9333,2.3581,4.9014,60.0903,43.52,0.468,0.639
477,7.9500,0.8453,4.7849,62.3819,45.42,0.467,0.596
478,7.9667,0.6798,4.6471,62.9236,45.37,0.467,0.581
479,7.9833,0.5752,4.1581,48.6944,45.22,0.469,0.568
480,8.0000,0.5714,3.9565,46.4167,45.22,0.472,0.542
481,8.0167,0.5238,3.9221,45.7847,45.12,0.457,0.597
482,8.0333,0.5551,3.9048,45.5556,45.15,0.478,0.541
483,8.0500,0.3961,3.7160,43.6806,45.04,0.474,0.553
484,8.0667,0.3495,3.3978,40.2569,45.05,0.464,0.554
485,8.0833,0.4048,3.1203,35.2639,44.96,0.482,0.521
486,8.1000,0.3453,2.9698,32.6667,44.99,0.473,0.557
487,8.1167,0.3800,2.8330,30.4583,44.85,0.486,0.514
488,8.1333,0.2809,2.6361,27.9444,44.90,0.469,0.546
489,8.1500,0.2561,2.5196,26.6597,44.80,0.468,0.537
490,8.1667,0.3860,2.4084,25.1944,44.77,0.478,0.508
491,8.1833,0.2299,2.2894,23.1111,44.67,0.479,0.529
492,8.2000,0.4589,2.3200,21.1319,44.65,0.514,0.487
493,8.2167,0.2639,2.2266,18.8264,44.64,0.502,0.598
494,8.2333,0.2544,2.1505,16.6736,44.69,0.485,0.562
495,8.2500,0.3535,2.0591,14.5903,44.55,0.516,0.488
496,8.2667,0.2205,1.9824,13.2083,44.65,0.488,0.548
497,8.2833,0.2384,1.9346,12.1597,44.56,0.501,0.495
498,8.3000,0.2487,1.8292,11.1875,44.56,0.489,0.550
499,8.3167,0.1589,1.7377,9.9583,44.41,0.487,0.517
500,8.3333,0.3171,1.6289,9.1319,44.40,0.508,0.466
501,8.3500,0.1503,1.6375,10.3889,44.35,0.488,0.512
502,8.3667,0.3841,1.6758,9.2847,44.32,0.512,0.470
503,8.3833,0.1405,1.5335,8.2014,44.27,0.488,0.489
504,8.4000,0.1396,1.4705,6.9722,44.27,0.481,0.488
505,8.4167,0.2192,1.4194,6.4167,44.19,0.510,0.448
506,8.4333,0.1927,1.3920,6.4306,44.20,0.501,0.490
507,8.4500,0.2157,1.3905,7.0833,44.06,0.505,0.447
508,8.4667,0.1627,1.3190,6.5139,44.09,0.483,0.517
509,8.4833,0.1240,1.2925,6.4097,43.99,0.493,0.498
510,8.5000,0.3305,1.2741,6.0903,43.96,0.507,0.481
511,8.5167,0.1330,1.2588,5.9583,43.85,0.489,0.483
512,8.5333,0.2925,1.3207,6.3194,43.84,0.517,0.451
513,8.5500,0.1074,1.2667,5.8889,43.82,0.489,0.475
514,8.5667,0.1825,1.2780,5.7083,43.78,0.488,0.468
515,8.5833,0.2280,1.2590,5.8958,43.63,0.517,0.450
516,8.6000,0.1427,1.2464,6.1875,43.68,0.490,0.493
517,8.6167,0.1750,1.2594,6.8472,43.60,0.512,0.454
518,8.6333,0.2067,1.2188,5.9792,43.58,0.495,0.491
519,8.6500,0.1366,1.2173,6.0347,43.43,0.492,0.477
520,8.6667,0.2768,1.2003,5.8333,43.43,0.508,0.467
521,8.6833,0.1148,1.1999,5.8819,43.38,0.491,0.500
522,8.7000,0.3649,1.3213,7.7222,43.34,0.507,0.486
523,8.7167,0.1049,1.2486,6.3542,43.20,0.494,0.467
524,8.7333,0.1212,1.2416,6.3681,43.20,0.493,0.488
525,8.7500,0.1676,1.2278,6.3056,43.11,0.504,0.451
526,8.7667,0.1785,1.2236,6.4097,43.10,0.486,0.485
527,8.7833,0.2002,1.2414,7.3403,42.95,0.516,0.462
528,8.8000,0.1533,1.1629,5.8542,42.97,0.492,0.505
529,8.8167,0.1195,1.1704,5.8750,42.85,0.485,0.484
530,8.8333,0.2924,1.1265,5.5833,42.81,0.496,0.498
531,8.8500,0.1178,1.1271,5.5833,42.66,0.506,0.467
532,8.8667,0.3306,1.2156,7.7153,42.64,0.527,0.469
533,8.8833,0.0918,1.1873,7.0764,42.60,0.478,0.479
534,8.9000,0.1760,1.1952,7.1250,42.57,0.503,0.503
535,8.9167,0.2305,1.2016,6.8681,42.42,0.514,0.480
536,8.9333,0.2461,1.2686,7.1319,42.40,0.500,0.516
537,8.9500,0.1977,1.2938,7.6181,42.23,0.513,0.474
538,8.9667,0.3661,1.4363,7.1458,42.17,0.502,0.536
539,8.9833,0.6288,1.8331,7.0556,41.83,0.459,0.471
540,9.0000,0.1725,1.7150,5.8403,41.38,0.516,0.471
541,9.0167,0.1176,1.7414,5.9097,41.40,0.490,0.487
542,9.0333,0.2452,1.7451,7.3333,41.32,0.530,0.475
543,9.0500,0.1411,1.7182,6.2083,41.31,0.490,0.484
544,9.0667,0.1189,1.6088,6.3889,41.20,0.492,0.478
545,9.0833,0.1669,1.5908,6.2569,41.19,0.510,0.479
546,9.1000,0.1096,1.4374,6.3542,41.13,0.493,0.482
547,9.1167,0.2143,1.0429,7.0694,41.08,0.512,0.489
548,9.1333,0.0988,1.0043,6.2778,40.97,0.501,0.476
549,9.1500,0.1072,1.0061,6.3264,40.96,0.488,0.478
550,9.1667,0.1672,0.9582,5.3750,40.89,0.523,0.472
551,9.1833,0.1390,0.9653,5.4375,40.86,0.485,0.483
552,9.2000,56.5675,56.9542,216.8611,40.74,0.442,0.500
553,9.2167,0.5597,56.8950,216.4861,24.36,0.557,0.869
554,9.2333,0.4758,56.8764,216.4167,24.36,0.548,0.841
555,9.2500,0.4133,56.8033,215.9514,24.37,0.534,0.829
556,9.2667,0.3649,56.7892,216.1875,24.40,0.524,0.826
557,9.2833,0.3841,56.7332,216.0417,24.39,0.531,0.791
558,9.3000,0.3848,56.7459,216.2431,24.42,0.551,0.769
559,9.3167,0.3721,56.6767,215.9653,24.40,0.546,0.756
560,9.3333,0.4168,1.7505,21.0278,24.42,0.550,0.691
561,9.3500,0.3835,1.9233,24.2569,24.38,0.573,0.700
562,9.3667,0.4164,2.0942,26.9653,24.40,0.571,0.681
563,9.3833,0.4213,2.2767,28.7222,24.42,0.593,0.656
564,9.4000,0.4536,2.4632,30.2361,24.44,0.604,0.634
565,9.4167,0.4977,2.6727,32.4514,24.45,0.608,0.623
566,9.4333,0.5596,2.9135,34.1667,24.48,0.612,0.604
567,9.4500,0.6067,3.2100,35.6736,24.52,0.634,0.580
568,9.4667,0.7039,3.5528,37.2500,24.55,0.636,0.560
569,9.4833,0.8046,4.0085,38.8403,24.58,0.655,0.542
570,9.5000,0.9418,4.5406,39.6458,24.62,0.660,0.523
571,9.5167,1.1571,5.2790,46.9306,24.62,0.664,0.512
572,9.5333,1.4384,6.1989,51.5278,24.65,0.673,0.495
573,9.5500,1.9012,7.4009,62.9514,24.66,0.679,0.489
574,9.5667,2.7355,9.0462,77.5625,24.65,0.683,0.481
575,9.5833,4.2639,10.6657,83.5417,24.66,0.684,0.476
576,9.6000,5.2313,11.4282,74.6319,24.67,0.682,0.478
577,9.6167,3.7909,11.7852,71.3403,24.68,0.675,0.485
578,9.6333,2.5569,11.9201,67.4306,24.70,0.671,0.489
579,9.6500,1.8799,11.9456,67.4583,24.71,0.666,0.496
580,9.6667,1.5092,11.9562,73.5278,24.72,0.660,0.501
581,9.6833,1.2220,11.8747,80.9653,24.74,0.660,0.503
582,9.7000,1.0404,11.7030,87.3056,24.74,0.653,0.509
583,9.7167,0.8902,11.3135,85.5139,24.74,0.653,0.510
584,9.7333,0.7979,10.5510,83.7014,24.75,0.647,0.516
585,9.7500,0.6844,9.2767,79.1597,24.77,0.644,0.518
586,9.7667,0.6138,7.9916,67.2014,24.77,0.640,0.520
587,9.7833,0.5481,6.9111,62.9236,24.79,0.636,0.529
588,9.8000,0.5039,6.0369,57.3958,24.79,0.634,0.528
589,9.8167,0.4493,5.3295,50.9722,24.79,0.637,0.525
590,9.8333,0.4015,4.7575,45.6111,24.80,0.634,0.526
591,9.8500,0.3638,4.2595,40.4375,24.81,0.630,0.534
592,9.8667,0.3350,3.8110,35.9722,24.81,0.618,0.542
593,9.8833,0.3201,3.4578,32.7847,24.82,0.605,0.542
594,9.9000,0.2769,3.1432,29.3958,24.81,0.618,0.542
595,9.9167,0.2562,2.8628,26.4028,24.82,0.614,0.551
596,9.9333,0.2145,2.5774,23.7639,24.83,0.645,0.521
597,9.9500,0.2153,2.3394,21.4306,24.83,0.598,0.562
598,9.9667,0.1886,2.1261,19.3750,24.84,0.600,0.559
599,9.9833,0.1697,1.9359,17.5556,24.85,0.603,0.555
600,10.0000,0.1548,1.7670,16.0694,24.86,0.617,0.543
601,10.0167,0.1421,1.5949,14.5208,24.87,0.634,0.535
602,10.0333,0.1471,1.4645,13.3611,24.86,0.613,0.550
603,10.0500,0.1465,1.3542,12.4028,24.87,0.609,0.562
604,10.0667,0.1355,1.2671,11.4028,24.87,0.655,0.531
605,10.0833,0.1471,1.1949,10.5486,24.88,0.616,0.559
606,10.1000,0.1531,1.1581,9.9931,24.88,0.625,0.558
607,10.1167,0.1445,1.1349,9.6042,24.90,0.668,0.519
608,10.1333,0.1599,1.1372,9.1875,24.89,0.653,0.533
609,10.1500,0.1611,1.1631,8.9653,24.90,0.671,0.513
610,10.1667,0.1726,1.1918,8.9444,24.90,0.660,0.521
611,10.1833,0.1840,1.2337,9.1667,24.91,0.678,0.504
612,10.2000,0.2082,1.3082,9.4931,24.91,0.653,0.530
613,10.2167,0.2194,1.3830,10.0069,24.92,0.672,0.503
614,10.2333,0.2496,1.4797,10.5347,24.91,0.656,0.534
615,10.2500,0.2645,1.5978,11.3125,24.92,0.677,0.509
616,10.2667,0.3057,1.7426,12.2847,24.91,0.648,0.535
617,10.2833,0.3179,1.9033,13.2569,24.93,0.665,0.523
618,10.3000,3.2535,4.9149,34.9097,24.93,0.241,0.674
619,10.3167,3.1521,5.9905,44.5694,24.30,0.254,0.630
620,10.3333,2.4119,7.3912,65.1111,24.34,0.280,0.627
621,10.3500,2.1335,8.0886,73.1528,24.44,0.300,0.616
622,10.3667,2.3474,9.2453,81.3264,24.54,0.297,0.599
623,10.3833,2.5171,9.4925,85.6806,24.67,0.295,0.581
624,10.4000,1.7271,10.0915,88.3819,24.79,0.351,0.605
625,10.4167,2.1612,10.8462,89.5486,24.93,0.329,0.585
626,10.4333,1.6675,10.1433,81.5625,25.00,0.388,0.603
627,10.4500,1.5953,10.0261,66.2917,25.09,0.410,0.612
628,10.4667,1.7230,9.9023,58.2569,25.15,0.413,0.616
629,10.4833,1.6087,9.7185,56.1111,25.25,0.450,0.620
630,10.5000,1.4000,9.8138,52.0278,25.26,0.502,0.614
631,10.5167,1.1734,9.1159,41.6944,25.21,0.571,0.594
632,10.5333,1.0851,8.7987,39.2292,25.08,0.624,0.572
633,10.5500,1.1304,8.9912,42.0000,25.02,0.626,0.554
634,10.5667,1.2716,8.9898,44.5347,24.94,0.601,0.543
635,10.5833,1.3536,8.5895,47.7917,24.89,0.600,0.536
636,10.6000,1.4147,8.0959,51.1042,24.85,0.610,0.520
637,10.6167,1.4791,8.4018,54.5417,24.84,0.620,0.518
638,10.6333,1.5540,9.3571,58.4861,24.83,0.637,0.514
639,10.6500,1.6585,10.0425,62.1944,24.82,0.642,0.510
640,10.6667,1.7491,10.6261,66.2569,24.78,0.655,0.508
641,10.6833,1.9100,11.2221,71.2083,24.80,0.661,0.506
642,10.7000,2.0560,11.7359,74.4931,24.77,0.666,0.504
643,10.7167,2.2852,12.1809,80.3403,24.79,0.668,0.504
644,10.7333,2.4926,12.5815,84.1944,24.75,0.677,0.502
645,10.7500,2.7984,12.8064,85.4583,24.74,0.678,0.501
646,10.7667,3.1904,12.8949,86.3958,24.76,0.679,0.502
647,10.7833,3.6593,12.8034,84.6667,24.72,0.683,0.501
648,10.8000,4.3472,12.7153,83.6736,24.72,0.683,0.501
649,10.8167,5.2790,12.6161,86.7778,24.71,0.683,0.501
650,10.8333,6.7350,11.1576,77.6736,24.72,0.684,0.500
651,10.8500,9.1177,5.0394,35.0417,24.70,0.684,0.500
652,10.8667,12.1981,8.2171,57.8472,24.70,0.684,0.500
653,10.8833,12.3630,11.9839,85.1181,24.70,0.684,0.500
654,10.9000,12.1451,2.3266,16.2569,24.70,0.685,0.501
655,10.9167,9.1406,3.8941,27.5139,24.70,0.684,0.500
656,10.9333,6.8728,6.4599,45.4097,24.69,0.684,0.500
657,10.9500,5.4595,6.6710,47.4097,24.69,0.684,0.500
658,10.9667,4.5332,4.4638,31.7083,24.70,0.684,0.500
659,10.9833,3.8902,1.3873,9.5347,24.71,0.684,0.499
660,11.0000,3.3840,11.6500,82.4097,24.70,0.684,0.501
661,11.0167,2.9940,8.9629,63.7847,24.70,0.684,0.499
662,11.0333,2.6848,3.3704,23.9306,24.70,0.684,0.500
663,11.0500,2.4209,9.8614,70.3194,24.70,0.684,0.499
664,11.0667,2.2053,12.1611,87.2917,24.70,0.684,0.500
665,11.0833,2.0208,12.3657,88.0556,24.70,0.685,0.500
666,11.1000,1.8636,12.3745,86.7431,24.70,0.684,0.500
667,11.1167,1.7299,12.3702,83.8889,24.70,0.684,0.501
668,11.1333,1.5889,12.3355,84.4931,24.70,0.684,0.501
669,11.1500,1.4896,12.1837,84.0694,24.70,0.684,0.499
670,11.1667,1.3931,11.8886,84.8333,24.69,0.683,0.501
671,11.1833,1.2950,11.4708,81.2778,24.71,0.684,0.500
672,11.2000,3.7011,13.4612,77.9167,24.70,0.357,0.577
673,11.2167,4.5293,15.1847,74.8819,24.77,0.319,0.573
674,11.2333,4.6599,15.2757,69.5903,24.96,0.305,0.574
675,11.2500,3.7447,15.7399,75.9028,25.32,0.327,0.573
676,11.2667,3.5124,16.0130,86.5000,25.62,0.329,0.570
677,11.2833,3.8005,16.2043,92.0833,25.94,0.314,0.549
678,11.3000,3.2572,16.0532,94.2847,26.23,0.327,0.522
679,11.3167,2.5804,16.0215,95.4236,26.56,0.353,0.555
680,11.3333,2.3483,15.6166,92.4514,26.77,0.358,0.512
681,11.3500,2.1781,14.8086,76.3056,26.99,0.363,0.528
682,11.3667,1.5687,13.8927,63.6042,27.14,0.415,0.546
683,11.3833,1.2744,13.0094,60.1250,27.29,0.450,0.528
684,11.4000,1.0263,12.2104,53.1875,27.39,0.491,0.512
685,11.4167,0.7751,10.5370,44.4792,27.46,0.563,0.505
686,11.4333,0.5865,9.7888,39.0208,27.47,0.648,0.501
687,11.4500,0.6316,9.2441,41.0208,27.49,0.602,0.501
688,11.4667,0.6960,7.5486,33.8681,27.45,0.550,0.506
689,11.4833,0.7026,5.9301,31.7500,27.44,0.522,0.514
690,11.5000,0.6395,4.7132,30.1597,27.38,0.529,0.514
691,11.5167,0.6015,4.3517,28.4792,27.38,0.531,0.515
692,11.5333,0.5785,4.7263,27.1736,27.33,0.534,0.522
693,11.5500,0.5037,4.8037,25.6250,27.33,0.563,0.516
694,11.5667,0.4562,4.6853,24.3472,27.27,0.579,0.512
695,11.5833,0.4263,4.4785,22.8403,27.29,0.582,0.514
696,11.6000,0.3712,4.1596,21.5000,27.27,0.600,0.510
697,11.6167,0.3735,3.8303,20.3542,27.27,0.577,0.514
698,11.6333,0.3147,3.5085,19.2708,27.22,0.617,0.508
699,11.6500,0.2880,3.2030,18.1736,27.25,0.623,0.511
700,11.6667,0.2649,2.9109,16.9583,27.24,0.635,0.505
701,11.6833,0.2561,2.6670,15.8681,27.24,0.617,0.505
702,11.7000,0.2019,2.4184,14.8611,27.21,0.678,0.509
703,11.7167,0.2371,2.1309,14.0208,27.22,0.650,0.478
704,11.7333,0.3073,1.9294,13.2361,27.22,0.613,0.442
705,11.7500,0.3924,1.9797,12.3472,27.22,0.576,0.427
706,11.7667,0.4758,2.1784,21.1597,27.21,0.574,0.415
707,11.7833,0.6355,2.4810,33.7778,27.22,0.593,0.391
708,11.8000,0.8342,2.7665,49.2083,27.22,0.599,0.389
709,11.8167,1.0524,2.9602,53.7153,27.22,0.598,0.403
710,11.8333,1.3152,3.4172,43.6875,27.21,0.612,0.413
711,11.8500,1.5213,3.7919,32.8125,27.20,0.633,0.421
712,11.8667,1.6459,4.0385,37.3611,27.19,0.653,0.430
713,11.8833,1.9202,4.5990,47.0208,27.04,0.660,0.450
714,11.9000,2.2905,5.4080,48.8056,26.93,0.661,0.466
715,11.9167,2.6946,6.1135,64.6458,27.00,0.665,0.482
716,11.9333,3.2017,6.5492,65.3472,27.17,0.659,0.512
717,11.9500,3.8003,6.9286,49.1181,27.17,0.651,0.552
718,11.9667,4.0731,6.8786,50.0694,27.20,0.643,0.589
719,11.9833,4.5055,6.8947,54.5000,27.04,0.634,0.626
720,12.0000,4.4935,7.0110,55.8125,26.89,0.650,0.655
721,12.0167,4.8087,7.0515,56.3681,27.11,0.664,0.673
722,12.0333,5.1789,7.3510,48.8750,27.17,0.670,0.696
723,12.0500,5.2383,7.6866,61.2639,27.16,0.681,0.722
724,12.0667,5.1392,8.2678,72.5486,26.94,0.698,0.756
725,12.0833,5.6535,7.9016,70.0694,27.05,0.685,0.800
726,12.1000,5.7514,9.4839,112.5139,27.17,0.683,0.832
727,12.1167,4.2715,9.6715,94.0903,27.15,0.660,0.819
728,12.1333,5.1032,9.4436,92.0764,27.15,0.690,0.848
729,12.1500,4.1466,9.6285,85.9583,27.16,0.709,0.829
730,12.1667,4.6260,8.9939,102.8611,27.17,0.702,0.830
731,12.1833,4.4065,9.9564,123.4236,27.17,0.709,0.814
732,12.2000,3.9284,9.3985,122.1875,27.15,0.701,0.809
733,12.2167,3.6214,11.4207,119.0764,26.87,0.691,0.810
734,12.2333,4.0024,10.4670,98.0486,27.07,0.708,0.817
735,12.2500,3.9550,10.6496,93.6528,27.16,0.712,0.834
736,12.2667,3.6099,11.2327,107.6042,27.17,0.716,0.860
737,12.2833,1.9362,11.5265,110.8681,27.08,0.705,0.839
738,12.3000,2.4684,11.1769,107.2361,26.93,0.715,0.881
739,12.3167,2.4756,10.1299,120.8889,26.89,0.723,0.880
740,12.3333,2.7732,8.4092,100.2361,27.03,0.718,0.866
741,12.3500,2.5003,6.6025,78.3194,27.16,0.678,0.829
742,12.3667,3.1757,6.5868,80.2014,27.13,0.683,0.843
743,12.3833,2.4604,8.9212,117.9028,27.13,0.712,0.810
744,12.4000,2.9417,10.1990,119.5972,26.95,0.678,0.829
745,12.4167,3.0327,9.9404,108.1181,26.89,0.681,0.834
746,12.4333,3.0878,9.1572,103.6736,27.06,0.690,0.848
747,12.4500,3.2396,9.3628,89.7986,27.03,0.706,0.874
748,12.4667,3.5372,8.8588,131.2153,26.91,0.714,0.908
749,12.4833,2.4803,8.3477,120.3611,26.86,0.720,0.923
750,12.5000,2.3048,7.9191,112.0278,26.92,0.699,0.921
751,12.5167,2.5825,7.6403,93.7639,27.03,0.695,0.911
752,12.5333,2.4258,7.7159,102.5000,27.07,0.675,0.906
753,12.5500,2.1912,6.8773,88.6667,26.85,0.679,0.902
754,12.5667,2.0158,5.6608,63.4792,26.80,0.693,0.907
755,12.5833,2.0193,6.9638,107.8264,26.85,0.710,0.923
756,12.6000,1.5685,9.3277,150.6458,26.84,0.641,0.925
757,12.6167,1.8630,9.4867,157.1528,26.99,0.707,0.930
758,12.6333,1.8083,8.4760,127.2361,27.01,0.712,0.926
759,12.6500,1.5972,7.3343,103.6389,26.83,0.689,0.918
760,12.6667,1.8859,7.5702,130.1319,26.68,0.703,0.927
761,12.6833,1.8773,6.2077,111.5972,26.70,0.705,0.938
762,12.7000,1.3990,5.8389,108.4792,26.82,0.693,0.937
763,12.7167,1.5010,5.2852,107.3542,26.86,0.706,0.935
764,12.7333,1.4257,4.6899,84.6458,26.75,0.704,0.941
765,12.7500,0.8013,4.7140,78.3125,26.68,0.660,0.941
766,12.7667,1.0366,5.3952,89.0278,26.67,0.703,0.942
767,12.7833,1.3242,5.3487,105.8750,26.60,0.694,0.947
768,12.8000,1.1136,4.1900,68.6597,26.63,0.680,0.947
769,12.8167,1.1650,3.5103,66.9792,26.58,0.695,0.955
770,12.8333,1.2512,3.7032,89.1736,26.53,0.688,0.959
771,12.8500,0.7477,3.4788,93.4097,26.61,0.714,0.956
772,12.8667,0.7882,3.7480,80.3542,26.60,0.700,0.954
773,12.8833,0.8891,3.2128,67.8333,26.58,0.710,0.956
774,12.9000,0.6829,3.3863,76.1042,26.58,0.726,0.961
775,12.9167,0.6762,2.9253,69.5069,26.58,0.730,0.961
776,12.9333,0.6080,2.3121,56.3125,26.56,0.691,0.959
777,12.9500,0.4575,1.8456,45.9514,26.54,0.654,0.962
778,12.9667,0.3719,1.7601,40.7083,26.53,0.711,0.963
779,12.9833,0.4137,1.9535,41.7500,26.53,0.732,0.961
780,13.0000,0.2398,1.9218,47.2917,26.52,0.677,0.963
781,13.0167,0.2498,1.5086,41.4236,26.53,0.732,0.962
782,13.0333,0.2284,1.2222,31.8889,26.53,0.690,0.964
783,13.0500,0.3143,1.2950,30.1042,26.52,0.657,0.965
784,13.0667,0.1251,1.2063,25.5833,26.52,0.754,0.965
785,13.0833,0.0846,0.9079,22.6111,26.52,0.642,0.956
786,13.1000,0.0729,0.7333,20.6944,26.52,0.650,0.961
787,13.1167,0.1034,0.6317,15.6111,26.52,0.613,0.965
788,13.1333,0.0460,0.6107,12.0417,26.52,0.622,0.965
789,13.1500,0.0359,0.5513,9.7222,26.52,0.631,0.956
790,13.1667,0.0130,0.3882,7.6458,26.52,0.516,0.943
791,13.1833,0.0365,0.2028,4.2847,26.52,0.621,0.962
792,13.2000,0.0064,0.1978,6.1667,26.52,0.661,0.962
793,13.2167,0.0088,0.2409,6.3472,26.52,0.534,0.829
794,13.2333,0.0053,0.1733,5.1528,26.52,0.453,0.807
795,13.2500,0.0038,0.0726,2.3889,26.52,0.522,0.821
796,13.2667,0.0020,0.0544,1.2292,26.52,0.405,0.681
797,13.2833,0.0065,0.0627,2.0278,26.52,0.281,0.679
798,13.3000,0.0000,0.0506,1.9444,26.51,0.500,0.500
799,13.3167,0.0000,0.0143,0.4028,26.51,0.500,0.500
800,13.3333,0.0000,0.0205,0.7847,26.51,0.500,0.500
801,13.3500,202.1122,202.1072,253.7500,26.51,0.537,0.465
802,13.3667,0.1982,202.1311,253.7500,225.64,0.394,0.589
803,13.3833,0.1123,202.1150,253.7500,225.67,0.514,0.692
804,13.4000,0.1875,202.1148,253.7500,225.65,0.398,0.627
805,13.4167,0.1366,202.0576,253.7500,225.64,0.466,0.686
806,13.4333,0.0792,202.0565,253.7500,225.57,0.461,0.657
807,13.4500,1.0357,201.8574,253.8125,225.57,0.477,0.919
808,13.4667,2.8445,202.2534,253.8125,224.79,0.508,0.960
809,13.4833,2.6783,6.2287,139.5347,222.36,0.479,0.907
810,13.5000,2.4067,7.7393,178.1736,220.47,0.475,0.907
811,13.5167,2.6451,8.8156,174.4444,218.89,0.471,0.900
812,13.5333,3.5994,9.2868,148.5833,217.80,0.470,0.888
813,13.5500,3.5242,9.5192,121.0764,217.29,0.476,0.886
814,13.5667,3.1546,9.9546,122.5139,216.99,0.470,0.861
815,13.5833,2.7270,11.0674,144.6528,216.55,0.472,0.853
816,13.6000,2.2801,13.8482,162.3333,216.12,0.466,0.840
817,13.6167,2.1560,15.1283,179.3681,215.84,0.461,0.818
818,13.6333,1.7284,14.7525,190.3611,215.53,0.479,0.831
819,13.6500,1.6067,14.4205,173.1528,215.37,0.444,0.788
820,13.6667,1.0262,12.5410,145.1111,215.13,0.472,0.814
821,13.6833,0.8021,10.9072,125.7847,215.03,0.474,0.810
822,13.7000,0.7717,9.7461,117.0972,214.90,0.412,0.742
823,13.7167,0.5642,8.4974,105.5069,214.83,0.488,0.807
824,13.7333,0.2198,7.2121,86.1111,215.05,0.321,0.612
825,13.7500,0.1864,5.7566,65.3750,215.08,0.440,0.769
826,13.7667,0.3419,4.3002,47.4167,215.00,0.434,0.761
827,13.7833,0.8161,3.0954,37.0347,215.12,0.491,0.779
828,13.8000,0.5624,1.7486,28.2083,215.43,0.470,0.796
829,13.8167,0.7901,2.1742,29.6250,215.49,0.438,0.761
830,13.8333,0.5832,2.9980,34.4583,215.55,0.481,0.809
831,13.8500,0.5665,3.5867,35.2778,215.62,0.477,0.814
832,13.8667,0.6939,3.9735,39.6597,215.63,0.428,0.756
833,13.8833,0.5419,4.2081,43.3681,215.73,0.488,0.830
834,13.9000,0.6071,4.3648,45.4236,215.80,0.433,0.767
835,13.9167,0.5348,4.3127,47.4861,215.85,0.471,0.812
836,13.9333,0.4759,4.2542,49.4306,215.83,0.455,0.797
837,13.9500,0.5370,4.1150,49.8333,215.92,0.414,0.749
838,13.9667,0.3970,4.0054,48.5347,215.93,0.458,0.799
839,13.9833,0.5035,3.9756,46.0764,216.01,0.397,0.728
840,14.0000,0.3011,3.6112,42.7222,216.03,0.466,0.811
841,14.0167,0.2618,3.3279,38.2083,216.11,0.473,0.819
842,14.0333,0.3458,3.0686,34.6250,216.12,0.351,0.688
843,14.0500,0.2541,2.8198,31.3958,216.15,0.463,0.804
844,14.0667,0.4191,2.7308,28.2014,216.14,0.377,0.695
845,14.0833,0.1807,2.4074,25.1597,216.22,0.535,0.842
846,14.1000,0.1967,2.2169,22.0903,216.22,0.444,0.769
847,14.1167,0.3121,2.0444,19.5972,216.26,0.365,0.678
848,14.1333,0.1674,1.9181,16.9583,216.21,0.409,0.710
849,14.1500,0.2450,1.9036,14.8611,216.27,0.371,0.652
850,14.1667,0.1051,1.6994,13.1806,216.29,0.512,0.783
851,14.1833,0.1143,1.5789,11.3542,216.32,0.515,0.802
852,14.2000,0.2182,1.3859,9.5347,216.28,0.319,0.577
853,14.2167,0.0860,1.2995,7.6528,216.33,0.677,0.824
854,14.2333,0.2123,1.3136,7.5903,216.31,0.356,0.586
855,14.2500,0.1505,1.1715,6.7639,216.33,0.501,0.738
856,14.2667,0.1279,1.1086,6.5347,216.26,0.439,0.633
857,14.2833,0.1915,1.0519,6.3681,216.31,0.386,0.588
858,14.3000,0.1135,1.0394,6.5278,216.30,0.488,0.639
859,14.3167,0.2491,1.1671,8.3542,216.30,0.392,0.603
860,14.3333,0.1067,1.0560,7.9306,216.28,0.569,0.652
861,14.3500,0.1063,1.0563,8.5972,216.31,0.612,0.671
862,14.3667,0.2333,1.0514,9.0347,216.29,0.427,0.569
863,14.3833,0.1497,1.0450,10.5833,216.30,0.608,0.705
864,14.4000,0.2903,1.1752,11.6597,216.25,0.444,0.589
865,14.4167,0.1585,1.1164,13.2222,216.27,0.752,0.725
866,14.4333,0.2086,1.1698,15.2847,216.25,0.631,0.652
867,14.4500,0.3936,1.2912,17.6597,216.26,0.496,0.632
868,14.4667,0.2598,1.3903,19.3194,216.17,0.681,0.659
869,14.4833,0.3806,1.5748,20.8125,216.18,0.620,0.642
870,14.5000,0.3664,1.6667,24.0903,216.23,0.710,0.668
871,14.5167,0.4336,1.8739,27.4931,216.21,0.767,0.667
872,14.5333,0.6748,2.2014,31.9653,216.20,0.665,0.645
873,14.5500,0.5157,2.4438,34.3403,216.20,0.746,0.670
874,14.5667,0.5314,2.6561,34.4306,216.24,0.644,0.641
875,14.5833,0.3174,2.5557,34.7014,216.22,0.768,0.665
876,14.6000,0.2554,2.5541,33.4722,216.28,0.788,0.669
877,14.6167,0.3034,2.5546,30.1944,216.27,0.598,0.598
878,14.6333,0.2205,2.4883,26.4514,216.29,0.738,0.674
879,14.6500,0.3576,2.4692,26.9167,216.27,0.525,0.614
880,14.6667,0.1685,2.0742,26.8819,216.36,0.747,0.684
881,14.6833,0.1860,1.7955,25.2014,216.36,0.643,0.663
882,14.7000,0.2624,1.5972,24.0069,216.40,0.476,0.609
883,14.7167,0.1263,1.4469,21.0903,216.37,0.623,0.640
884,14.7333,0.1994,1.4085,19.1736,216.39,0.479,0.583
885,14.7500,0.1274,1.2677,17.9375,216.44,0.610,0.699
886,14.7667,0.1275,1.2177,16.0972,216.41,0.517,0.636
887,14.7833,0.2314,1.1290,14.2500,216.45,0.385,0.574
888,14.8000,0.1106,1.0841,12.3542,216.42,0.539,0.639
889,14.8167,0.1554,1.0817,11.5972,216.46,0.430,0.573
890,14.8333,0.0525,0.9155,10.7153,216.44,0.725,0.681
891,14.8500,0.0683,0.8724,9.8472,216.46,0.685,0.725
892,14.8667,0.2564,0.9304,9.0903,216.44,0.325,0.574
893,14.8833,0.0716,0.8851,8.4792,216.40,0.752,0.772
894,14.9000,0.1732,0.9423,7.9306,216.39,0.391,0.606
895,14.9167,0.1592,0.8945,7.8819,216.36,0.455,0.736
896,14.9333,0.0832,0.8939,7.8472,216.25,0.515,0.594
897,14.9500,0.1730,0.8841,7.4028,216.24,0.328,0.520
898,14.9667,0.0773,0.9047,6.9861,216.27,0.485,0.679
899,14.9833,0.4741,1.2292,9.0694,216.24,0.384,0.603
900,15.0000,0.0576,1.0436,7.0694,216.20,0.447,0.594
901,15.0167,0.0450,1.0366,7.2222,216.24,0.530,0.603
902,15.0333,0.0761,0.9596,6.5556,216.24,0.366,0.527
903,15.0500,0.0564,0.9146,6.6736,216.25,0.417,0.602
904,15.0667,0.2535,1.0406,8.6181,216.23,0.290,0.564
905,15.0833,0.0381,0.9430,7.1250,216.25,0.737,0.810
906,15.1000,0.0970,0.9654,7.5694,216.24,0.336,0.614
907,15.1167,0.1662,0.6899,6.2153,216.25,0.347,0.624
908,15.1333,0.0870,0.7019,6.1042,216.19,0.384,0.651
909,15.1500,0.1453,0.7831,7.1875,216.24,0.261,0.551
910,15.1667,0.0387,0.7544,6.4792,216.26,0.485,0.682
911,15.1833,0.0509,0.7543,6.3819,216.27,0.484,0.702
912,15.2000,0.1759,0.6598,5.5278,216.24,0.294,0.587
913,15.2167,0.0669,0.6811,5.6458,216.28,0.389,0.684
914,15.2333,0.2352,0.8122,6.7778,216.25,0.286,0.589
915,15.2500,0.0089,0.6969,5.8750,216.19,0.862,0.806
916,15.2667,0.0872,0.6924,5.7708,216.19,0.335,0.674
917,15.2833,0.1606,0.6981,5.4444,216.23,0.269,0.587
918,15.3000,0.0646,0.7131,5.6111,216.23,0.333,0.615
919,15.3167,0.2134,0.8607,7.0069,216.23,0.291,0.608
920,15.3333,0.0530,0.7362,5.8542,216.20,0.320,0.655
921,15.3500,0.0362,0.7118,5.8333,216.24,0.371,0.645
922,15.3667,0.1351,0.6351,6.0972,216.22,0.198,0.504
923,15.3833,0.0558,0.6627,6.1667,216.22,0.393,0.723
924,15.4000,0.1821,0.7512,7.4514,216.19,0.217,0.551
925,15.4167,0.0669,0.6484,6.0972,216.23,0.294,0.623
926,15.4333,0.0000,0.6080,5.8542,216.20,0.500,0.500
927,15.4500,53.3159,53.3315,199.8403,216.20,0.534,0.530
928,15.4667,0.2240,53.2436,198.6111,196.62,0.682,0.431
929,15.4833,0.3748,53.2898,197.9653,196.70,0.774,0.366
930,15.5000,0.1542,53.2675,196.8194,196.67,0.571,0.421
931,15.5167,0.1541,53.3048,196.1458,196.71,0.595,0.439
932,15.5333,0.6847,53.2375,195.0278,196.66,0.759,0.397
933,15.5500,0.3440,53.1740,191.5000,196.66,0.611,0.456
934,15.5667,0.6279,53.2236,190.0417,196.76,0.752,0.395
935,15.5833,0.3056,2.5438,12.4931,196.66,0.550,0.351
936,15.6000,0.2609,2.5994,13.9167,196.75,0.527,0.380
937,15.6167,0.7540,2.9359,16.1528,196.75,0.725,0.393
938,15.6333,0.3318,3.1022,18.4028,196.81,0.535,0.412
939,15.6500,0.8537,3.6934,25.0556,196.81,0.690,0.412
940,15.6667,0.4603,3.5467,29.0069,196.98,0.508,0.392
941,15.6833,0.4927,3.7032,31.4028,197.06,0.531,0.435
942,15.7000,0.9528,4.0166,34.6181,197.20,0.667,0.405
943,15.7167,0.5256,4.2102,37.0625,197.19,0.531,0.418
944,15.7333,0.9102,4.7664,38.0764,197.37,0.676,0.393
945,15.7500,0.5120,4.6268,39.9931,197.39,0.485,0.390
946,15.7667,0.4704,4.7528,39.8611,197.54,0.497,0.390
947,15.7833,0.9689,4.8315,41.5625,197.55,0.670,0.387
948,15.8000,0.5368,4.8665,41.0000,197.66,0.527,0.398
949,15.8167,0.9212,5.2143,40.2500,197.69,0.659,0.375
950,15.8333,0.6159,4.9507,39.1042,197.68,0.544,0.395
951,15.8500,0.6875,5.0230,40.0000,197.63,0.541,0.393
952,15.8667,1.0049,5.0978,40.9583,197.77,0.657,0.382
953,15.8833,0.6547,5.2285,41.5069,197.70,0.538,0.386
954,15.9000,1.1073,5.7014,42.9792,197.77,0.645,0.376
955,15.9167,0.7202,5.4605,42.8125,197.63,0.510,0.360
956,15.9333,0.6939,5.6220,42.3819,197.71,0.493,0.344
957,15.9500,1.2263,5.8598,42.4722,197.71,0.650,0.372
958,15.9667,0.7143,5.9435,41.6389,197.75,0.505,0.360
959,15.9833,1.1654,6.2790,39.6597,197.70,0.644,0.373
960,16.0000,0.7438,6.0476,41.8264,197.73,0.504,0.356
961,16.0167,0.8100,6.1758,44.1389,197.69,0.534,0.369
962,16.0333,1.3304,6.4273,46.1458,197.71,0.631,0.386
963,16.0500,1.8341,7.0922,58.0417,197.55,0.476,0.442
964,16.0667,1.2498,7.5845,59.9097,196.68,0.622,0.392
965,16.0833,0.8852,7.3894,61.2778,196.52,0.495,0.388
966,16.1000,0.9003,7.5863,63.0694,196.47,0.501,0.391
967,16.1167,1.3837,7.6837,67.0764,196.31,0.613,0.390
968,16.1333,1.0005,7.8630,69.1667,196.22,0.512,0.385
969,16.1500,1.4855,8.3717,71.3611,196.11,0.605,0.394
970,16.1667,1.0765,8.1688,73.6944,196.04,0.520,0.390
971,16.1833,1.1069,7.7007,62.8958,195.84,0.519,0.390
972,16.2000,1.4096,7.7979,65.1597,195.84,0.587,0.373
973,16.2167,1.1399,7.9544,66.2569,195.62,0.511,0.370
974,16.2333,1.6518,8.6061,68.2917,195.57,0.620,0.393
975,16.2500,1.2346,8.3539,69.2500,195.31,0.500,0.375
976,16.2667,1.2123,8.4939,71.3194,195.39,0.503,0.365
977,16.2833,1.7092,8.6777,70.7222,195.23,0.603,0.379
978,16.3000,1.2735,8.8943,69.2014,195.11,0.501,0.359
979,16.3167,1.7197,9.3333,65.0278,194.92,0.599,0.382
980,16.3333,1.3312,9.2019,60.0556,194.84,0.499,0.365
981,16.3500,1.4208,9.3704,58.7083,194.71,0.506,0.370
982,16.3667,1.7997,9.4890,56.4514,194.69,0.599,0.392
983,16.3833,1.2826,9.5526,52.8125,194.54,0.503,0.402
984,16.4000,1.6950,9.8545,51.2639,194.65,0.591,0.403
985,16.4167,1.3103,9.4721,54.0764,194.60,0.479,0.388
986,16.4333,1.2888,9.4648,56.4167,194.66,0.486,0.389
987,16.4500,1.9788,9.5486,56.7361,194.61,0.584,0.405
988,16.4667,1.4623,9.5687,54.5139,194.77,0.496,0.404
989,16.4833,1.9220,9.9870,63.3125,194.76,0.582,0.408
990,16.5000,1.4666,9.6886,70.3194,194.72,0.499,0.393
991,16.5167,1.5646,9.8150,69.6319,194.65,0.505,0.401
992,16.5333,2.0005,9.9843,72.2153,194.79,0.571,0.390
993,16.5500,1.8732,10.2125,78.5278,194.72,0.490,0.402
994,16.5667,2.0421,10.7335,79.4514,195.10,0.578,0.405
995,16.5833,1.8794,10.5549,86.3681,194.97,0.485,0.386
996,16.6000,1.5988,10.6684,89.5000,195.23,0.488,0.388
997,16.6167,2.1764,10.7746,91.5486,195.19,0.571,0.399
998,16.6333,1.9287,10.8861,93.8125,195.21,0.481,0.398
999,16.6500,2.3188,11.4070,91.7569,195.03,0.580,0.413
1000,16.6667,1.8090,11.1287,94.8681,195.02,0.491,0.409
1001,16.6833,1.8974,10.9971,85.2708,194.96,0.493,0.414
1002,16.7000,2.5964,11.2271,93.7292,194.91,0.558,0.399
1003,16.7167,2.6462,11.1707,80.6736,194.86,0.475,0.394
1004,16.7333,2.3620,11.6276,81.7778,195.68,0.555,0.425
1005,16.7500,2.1271,11.3936,83.8194,195.48,0.493,0.422
1006,16.7667,1.9263,11.6149,82.2222,195.33,0.483,0.429
1007,16.7833,2.7473,11.5538,82.3056,195.24,0.554,0.452
1008,16.8000,2.3330,11.8152,81.6806,195.24,0.481,0.462
1009,16.8167,2.8696,12.3688,80.2292,195.34,0.546,0.452
1010,16.8333,2.3792,12.0629,77.7014,195.51,0.481,0.450
1011,16.8500,2.4180,12.1405,76.7986,195.59,0.492,0.452
1012,16.8667,2.9566,12.4376,71.0903,195.72,0.549,0.446
1013,16.8833,4.4104,13.6897,69.9306,195.64,0.535,0.384
1014,16.9000,3.1498,14.3806,68.3819,194.97,0.546,0.423
1015,16.9167,2.7850,14.0760,72.7569,194.99,0.488,0.422
1016,16.9333,2.7199,14.0642,82.1875,195.09,0.487,0.410
1017,16.9500,3.3112,14.0204,91.1528,195.05,0.557,0.448
1018,16.9667,2.7924,14.0184,99.2431,195.16,0.491,0.416
1019,16.9833,3.3911,14.3433,101.2986,195.14,0.554,0.429
1020,17.0000,2.9301,13.9831,108.7153,195.07,0.495,0.411
1021,17.0167,3.0395,13.9709,114.9097,195.04,0.504,0.417
1022,17.0333,3.4392,13.9699,114.9861,195.16,0.539,0.405
1023,17.0500,3.1317,13.9805,114.3681,195.02,0.497,0.403
1024,17.0667,3.6982,14.5343,111.6806,195.11,0.552,0.406
1025,17.0833,3.1354,14.1374,110.6389,194.93,0.498,0.396
1026,17.1000,3.1949,14.2393,107.0556,195.07,0.495,0.377
1027,17.1167,3.6813,14.2591,101.0972,195.03,0.537,0.384
1028,17.1333,3.2968,14.4331,97.2986,195.02,0.498,0.374
1029,17.1500,3.8012,14.8367,90.8681,194.99,0.542,0.373
1030,17.1667,3.3261,14.6168,88.2778,195.05,0.496,0.362
1031,17.1833,3.3332,14.6650,84.1597,195.03,0.496,0.349
1032,17.2000,3.9490,14.8027,80.1250,195.08,0.542,0.356
1033,17.2167,3.5369,14.9460,84.8819,194.81,0.497,0.342
1034,17.2333,3.9030,15.4245,96.5208,194.92,0.537,0.341
1035,17.2500,3.5819,15.2320,108.6806,194.79,0.489,0.328
1036,17.2667,3.6598,15.4755,115.8264,194.78,0.489,0.325
1037,17.2833,4.3188,15.5668,118.1667,194.67,0.540,0.339
1038,17.3000,3.8660,15.6710,125.4514,194.69,0.487,0.314
1039,17.3167,4.2263,15.9749,125.7361,194.67,0.534,0.344
1040,17.3333,3.7461,15.4439,121.8819,194.83,0.491,0.329
1041,17.3500,3.6694,15.1528,111.1875,195.06,0.492,0.318
1042,17.3667,4.3091,15.0897,102.5139,195.39,0.535,0.336
1043,17.3833,3.9105,15.0847,103.0069,195.63,0.488,0.312
1044,17.4000,4.1597,15.5586,94.4028,195.96,0.541,0.349
1045,17.4167,3.9436,14.6997,99.0208,196.10,0.482,0.292
1046,17.4333,3.6838,14.8282,101.9444,197.04,0.489,0.337
1047,17.4500,72.6426,70.8024,162.2500,196.99,0.465,0.506
1048,17.4667,1.0017,71.5194,162.3264,185.53,0.723,0.414
1049,17.4833,0.8891,72.1144,162.3750,185.59,0.723,0.415
1050,17.5000,0.8742,72.3885,162.9097,185.58,0.726,0.410
1051,17.5167,0.8906,72.4207,162.6319,185.68,0.730,0.401
1052,17.5333,0.7836,72.4535,162.6806,185.69,0.719,0.410
1053,17.5500,0.8377,72.4061,162.7014,185.71,0.721,0.409
1054,17.5667,0.9692,72.5687,162.7917,185.71,0.696,0.438
1055,17.5833,0.8083,4.9507,62.0625,185.92,0.707,0.432
1056,17.6000,1.1396,5.0808,59.6806,185.94,0.701,0.386
1057,17.6167,0.9117,5.1742,57.6944,186.18,0.699,0.427
1058,17.6333,0.9733,5.2398,57.0833,186.14,0.672,0.434
1059,17.6500,1.1695,5.4759,57.0347,186.37,0.672,0.405
1060,17.6667,0.9316,5.5671,56.6736,186.52,0.673,0.442
1061,17.6833,1.2476,5.9900,58.0278,186.67,0.669,0.390
1062,17.7000,0.9742,5.9861,57.7153,186.74,0.643,0.432
1063,17.7167,0.9556,6.0078,56.9306,187.04,0.643,0.430
1064,17.7333,1.4979,6.0614,55.4583,187.10,0.637,0.396
1065,17.7500,1.2827,6.0984,53.3542,187.25,0.613,0.436
1066,17.7667,1.5477,6.3547,49.8333,187.24,0.623,0.399
1067,17.7833,1.0496,6.1233,50.9028,187.54,0.634,0.424
1068,17.8000,0.9252,6.1761,50.7431,187.54,0.639,0.438
1069,17.8167,1.2600,6.1952,48.2569,187.59,0.650,0.401
1070,17.8333,0.8951,6.1376,42.2014,187.48,0.640,0.448
1071,17.8500,1.0832,6.4909,42.0764,187.66,0.659,0.374
1072,17.8667,0.7273,6.2177,42.2778,187.70,0.655,0.435
1073,17.8833,0.7303,6.1809,42.5972,187.77,0.649,0.440
1074,17.9000,1.0955,5.9545,40.4861,187.67,0.653,0.396
1075,17.9167,0.7577,5.8634,39.2917,187.87,0.642,0.448
1076,17.9333,1.0690,6.1536,39.4097,187.85,0.649,0.391
1077,17.9500,0.7696,5.9012,40.5764,187.91,0.638,0.461
1078,17.9667,0.5856,5.5808,40.8542,187.77,0.655,0.425
1079,17.9833,1.3151,5.7140,38.0556,187.83,0.606,0.436
1080,18.0000,0.6719,5.6353,37.3125,187.71,0.653,0.428
1081,18.0167,0.8483,5.8406,40.7847,187.87,0.677,0.331
1082,18.0333,0.5916,5.5012,42.0069,187.96,0.662,0.427
1083,18.0500,0.6135,5.3841,44.7847,188.05,0.665,0.396
1084,18.0667,1.1520,5.3369,44.8889,187.91,0.640,0.416
1085,18.0833,0.6943,5.1798,44.3958,188.18,0.653,0.445
1086,18.1000,0.9506,5.5268,43.8472,188.15,0.646,0.384
1087,18.1167,0.6852,5.2133,44.3403,188.21,0.633,0.469
1088,18.1333,0.6660,5.1756,42.6458,188.10,0.638,0.439
1089,18.1500,0.9043,5.2257,40.4097,188.28,0.645,0.383
1090,18.1667,0.6236,5.2215,37.3542,188.28,0.630,0.433
1091,18.1833,0.9325,5.4890,34.8681,188.31,0.658,0.391
1092,18.2000,0.5829,4.9620,33.6042,188.16,0.617,0.462
1093,18.2167,0.5285,4.9280,34.3403,188.42,0.630,0.440
1094,18.2333,0.9487,4.9559,34.8472,188.45,0.674,0.380
1095,18.2500,0.6209,4.9220,34.3333,188.59,0.624,0.445
1096,18.2667,0.8964,5.1233,32.7431,188.51,0.643,0.378
1097,18.2833,0.5934,4.8888,30.9792,188.64,0.621,0.462
1098,18.3000,0.5829,4.8696,29.6597,188.62,0.620,0.458
1099,18.3167,0.9056,4.8587,28.5694,188.68,0.636,0.390
1100,18.3333,0.5667,4.8356,27.8681,188.53,0.615,0.456
1101,18.3500,1.6345,5.6947,28.8056,188.66,0.571,0.381
1102,18.3667,0.4535,5.3114,28.9028,187.77,0.628,0.439
1103,18.3833,0.4519,5.2189,28.4722,187.83,0.618,0.457
1104,18.4000,1.0614,5.3388,28.4375,187.74,0.614,0.409
1105,18.4167,0.5851,5.3165,29.3403,187.94,0.601,0.451
1106,18.4333,0.8757,5.5659,30.1736,187.97,0.634,0.377
1107,18.4500,0.6173,5.3548,31.2361,188.03,0.608,0.479
1108,18.4667,0.6068,5.3400,32.1389,187.92,0.598,0.444
1109,18.4833,0.8618,4.7551,24.3333,188.07,0.617,0.374
1110,18.5000,0.5613,4.8298,23.3819,188.03,0.599,0.468
1111,18.5167,0.8595,5.1811,23.0625,188.09,0.612,0.375
1112,18.5333,0.5537,4.7222,22.4306,187.99,0.586,0.437
1113,18.5500,0.5085,4.6287,21.3403,188.16,0.585,0.423
1114,18.5667,0.8161,4.5563,20.9514,188.18,0.610,0.361
1115,18.5833,0.6013,4.5905,20.4861,188.28,0.579,0.438
1116,18.6000,0.8649,4.7709,20.1736,188.20,0.593,0.376
1117,18.6167,0.6112,4.5048,20.2639,188.34,0.552,0.443
1118,18.6333,0.6790,4.5259,20.5486,188.31,0.569,0.440
1119,18.6500,1.0687,4.5906,19.3681,188.37,0.595,0.390
1120,18.6667,0.7236,4.5010,19.0833,188.19,0.544,0.441
1121,18.6833,1.0627,4.5064,19.0000,188.33,0.568,0.363
1122,18.7000,0.9430,3.9048,18.4375,188.30,0.535,0.427
1123,18.7167,1.0769,4.3444,19.4931,188.37,0.546,0.418
1124,18.7333,1.3899,4.1298,17.3750,188.36,0.558,0.398
1125,18.7500,0.9898,4.3315,20.8750,188.57,0.534,0.447
1126,18.7667,1.1904,4.6048,20.9722,188.60,0.571,0.386
1127,18.7833,0.8143,4.3188,20.7847,188.61,0.538,0.462
1128,18.8000,0.7203,4.3261,20.7014,188.50,0.536,0.448
1129,18.8167,0.8955,4.3357,21.1458,188.68,0.579,0.376
1130,18.8333,0.6260,4.2033,17.5347,188.61,0.545,0.462
1131,18.8500,0.9134,4.5212,17.9167,188.68,0.589,0.380
1132,18.8667,0.4974,3.8761,12.9792,188.54,0.530,0.457
1133,18.8833,0.6286,3.9482,21.4167,188.70,0.631,0.367
1134,18.9000,0.7164,4.0614,21.2153,188.59,0.594,0.341
1135,18.9167,0.4548,4.0907,20.6806,188.66,0.538,0.462
1136,18.9333,0.7880,4.3253,21.0278,188.57,0.583,0.374
1137,18.9500,0.4664,4.0745,20.7986,188.65,0.532,0.460
1138,18.9667,0.4419,4.0268,20.8542,188.64,0.528,0.455
1139,18.9833,0.7307,3.9521,19.8472,188.68,0.567,0.400
1140,19.0000,0.4776,3.9676,19.9931,188.55,0.548,0.439
1141,19.0167,0.6516,3.9897,18.8889,188.68,0.575,0.323
1142,19.0333,0.3595,3.7161,18.7083,188.66,0.541,0.428
1143,19.0500,0.3874,3.7058,18.3403,188.78,0.537,0.445
1144,19.0667,0.7584,3.6756,17.8125,188.73,0.565,0.389
1145,19.0833,0.4047,3.6191,17.4514,188.92,0.518,0.478
1146,19.1000,0.7429,3.8596,16.6042,188.94,0.572,0.355
1147,19.1167,0.4761,3.6699,15.9028,189.02,0.535,0.472
1148,19.1333,0.4540,3.6330,16.0347,188.90,0.531,0.456
1149,19.1500,0.6536,3.6449,15.6806,189.10,0.576,0.353
1150,19.1667,0.3962,3.6466,14.9236,189.07,0.542,0.458
1151,19.1833,0.7271,3.9440,14.6806,189.14,0.572,0.359
1152,19.2000,0.3842,3.5935,14.1111,189.02,0.535,0.473
1153,19.2167,0.3428,3.5615,14.0764,189.21,0.522,0.425
1154,19.2333,0.5355,3.3886,13.0972,189.19,0.578,0.331
1155,19.2500,0.3823,3.3268,12.5347,189.19,0.527,0.447
1156,19.2667,0.7039,3.5073,11.9583,189.06,0.562,0.348
1157,19.2833,0.3942,3.2752,11.2500,189.07,0.535,0.469
1158,19.3000,0.3520,3.2531,10.3056,189.04,0.521,0.456
1159,19.3167,0.6930,3.2770,10.3611,189.07,0.561,0.381
1160,19.3333,59.8619,59.5426,160.5625,188.86,0.469,0.436
1161,19.3500,0.0781,59.5649,160.7222,237.06,0.257,0.507
1162,19.3667,0.0811,59.5588,160.8750,237.04,0.255,0.506
1163,19.3833,0.1159,59.6841,160.9722,237.04,0.328,0.542
1164,19.4000,0.0812,59.7075,161.0833,237.00,0.257,0.504
1165,19.4167,0.0833,59.7393,161.1181,237.00,0.257,0.508
1166,19.4333,0.0824,59.7485,161.3264,236.99,0.256,0.507
1167,19.4500,0.0837,59.9494,161.5347,236.98,0.255,0.507
1168,19.4667,0.0858,0.6799,11.8750,236.97,0.260,0.508
1169,19.4833,2.0691,2.6689,43.1875,236.96,0.498,0.514
1170,19.5000,0.0936,2.6718,43.2083,235.05,0.290,0.507
1171,19.5167,0.0978,2.6500,43.2222,235.04,0.287,0.509
1172,19.5333,0.0890,2.6474,43.1736,235.02,0.286,0.508
1173,19.5500,0.0931,2.6510,43.3264,235.02,0.287,0.509
1174,19.5667,0.0917,2.6547,43.4236,235.00,0.285,0.507
1175,19.5833,0.0983,2.6646,43.6875,234.99,0.293,0.508
1176,19.6000,0.0972,2.6630,43.7431,234.96,0.294,0.508
1177,19.6167,0.0933,0.7364,11.5000,234.96,0.285,0.507
1178,19.6333,3.0713,3.7147,67.2500,234.95,0.721,0.514
1179,19.6500,0.1710,3.7211,67.3750,232.05,0.492,0.509
1180,19.6667,0.1707,3.7206,67.2500,232.02,0.502,0.509
1181,19.6833,0.1693,3.7280,67.4097,232.02,0.502,0.509
1182,19.7000,0.1774,3.7369,67.4375,231.99,0.506,0.510
1183,19.7167,0.1772,3.7537,67.6806,231.97,0.491,0.509
1184,19.7333,0.1697,3.7478,67.5486,231.94,0.496,0.509
1185,19.7500,0.1718,3.7555,67.6667,231.94,0.502,0.510
1186,19.7667,0.1780,1.3524,13.5278,231.91,0.499,0.510
1187,19.7833,0.1761,1.3645,13.9306,231.89,0.500,0.510
1188,19.8000,0.1771,1.3709,14.0278,231.86,0.499,0.510
1189,19.8167,0.1794,1.3842,14.3958,231.85,0.500,0.509
1190,19.8333,0.1775,1.3830,14.3194,231.82,0.496,0.510
1191,19.8500,0.1752,1.3835,14.5625,231.81,0.501,0.510
1192,19.8667,0.1808,1.3945,14.6389,231.78,0.500,0.510
1193,19.8833,0.1797,1.4014,14.5417,231.77,0.492,0.511
1194,19.9000,0.1715,1.3945,14.5000,231.74,0.499,0.510
1195,19.9167,0.1807,1.3971,14.2847,231.73,0.498,0.509
1196,19.9333,0.1807,1.3955,14.2431,231.70,0.495,0.511
1197,19.9500,0.1802,1.3955,14.0625,231.68,0.498,0.511
1198,19.9667,0.1791,1.3952,14.1042,231.66,0.497,0.510
1199,19.9833,0.1832,1.4040,14.1667,231.64,0.499,0.510
1200,20.0000,0.1812,1.4040,14.3819,231.60,0.498,0.510
1201,20.0167,0.1750,1.4039,14.3750,231.60,0.504,0.509
1202,20.0333,0.1764,1.4066,14.3056,231.57,0.497,0.510
1203,20.0500,0.1857,1.4096,14.4444,231.56,0.500,0.510
1204,20.0667,0.1836,1.4136,14.5278,231.52,0.500,0.510
1205,20.0833,0.1883,1.4225,14.7778,231.52,0.503,0.510
1206,20.1000,0.1751,1.4207,14.8542,231.49,0.507,0.510
1207,20.1167,0.1892,1.4291,15.0556,231.48,0.505,0.510
1208,20.1333,8.6624,8.5052,69.1806,231.44,0.495,0.512
1209,20.1500,0.1557,8.5931,69.2639,237.77,0.492,0.512
1210,20.1667,0.1715,8.6748,69.3819,237.77,0.495,0.511
1211,20.1833,0.2206,8.7900,69.6944,237.77,0.490,0.511
1212,20.2000,0.2261,8.8627,69.5556,237.77,0.493,0.510
1213,20.2167,0.2681,8.9294,69.7569,237.77,0.490,0.511
1214,20.2333,0.3114,8.9676,69.7153,237.77,0.489,0.511
1215,20.2500,0.3477,8.9867,69.9792,237.77,0.487,0.512
1216,20.2667,0.3926,1.9160,44.0972,237.77,0.486,0.511
1217,20.2833,0.4284,2.1012,50.5000,237.77,0.485,0.511
1218,20.3000,0.4625,2.2140,54.7292,237.77,0.484,0.510
1219,20.3167,0.5527,2.3692,57.6389,237.77,0.479,0.512
1220,20.3333,0.5882,2.5226,58.8333,237.77,0.478,0.512
1221,20.3500,0.6502,2.6922,63.0764,237.77,0.477,0.511
1222,20.3667,0.7376,2.7152,64.6597,237.77,0.473,0.511
1223,20.3833,0.8083,2.6324,60.8264,237.77,0.470,0.511
1224,20.4000,0.9047,2.6287,58.6042,237.77,0.467,0.511
1225,20.4167,0.9999,2.4244,51.7014,237.77,0.463,0.511
1226,20.4333,1.1468,2.1168,40.3681,237.77,0.458,0.511
1227,20.4500,1.2782,2.0501,37.6319,237.77,0.453,0.511
1228,20.4667,1.4511,2.0165,36.7083,237.77,0.448,0.512
1229,20.4833,1.7121,2.3734,49.9097,237.76,0.441,0.511
1230,20.5000,2.0087,2.8098,71.5972,237.76,0.434,0.511
1231,20.5167,2.3983,2.8469,57.9444,237.76,0.423,0.511
1232,20.5333,2.3537,3.9298,60.4653,237.77,0.388,0.509
1233,20.5500,3.0581,3.6457,58.6528,237.30,0.363,0.506
1234,20.5667,2.2435,3.7183,55.0417,237.30,0.356,0.507
1235,20.5833,1.8209,3.7979,54.1389,237.31,0.349,0.507
1236,20.6000,1.6230,3.7331,51.8333,237.30,0.345,0.507
1237,20.6167,1.4007,3.5883,48.9097,237.30,0.342,0.507
1238,20.6333,1.2241,3.7182,50.8333,237.30,0.333,0.507
1239,20.6500,1.1274,3.9008,57.0556,237.30,0.333,0.507
1240,20.6667,1.0180,3.6762,64.9653,237.30,0.326,0.507
1241,20.6833,0.9500,3.5082,52.5903,237.30,0.327,0.507
1242,20.7000,0.9076,3.2007,47.8403,237.30,0.322,0.507
1243,20.7167,0.8129,2.9109,49.2083,237.30,0.318,0.506
1244,20.7333,3.3522,5.3712,50.6389,237.30,0.588,0.515
1245,20.7500,1.3824,5.2088,50.2917,234.82,0.481,0.513
1246,20.7667,1.1692,5.3969,57.5694,234.82,0.460,0.512
1247,20.7833,1.1526,5.5145,56.7708,234.81,0.470,0.512
1248,20.8000,1.0475,5.5434,57.2083,234.82,0.460,0.512
1249,20.8167,1.0358,5.8081,64.7569,234.82,0.474,0.513
1250,20.8333,2.2594,7.4015,61.2986,234.82,0.570,0.515
1251,20.8500,1.2017,7.3039,60.0486,233.20,0.505,0.514
1252,20.8667,1.1343,6.6713,66.8750,233.22,0.506,0.514
1253,20.8833,1.0284,6.6082,65.7361,233.21,0.499,0.514
1254,20.9000,1.0422,6.5743,61.1111,233.21,0.515,0.514
1255,20.9167,0.8499,6.4844,62.8681,233.21,0.479,0.513
1256,20.9333,1.7310,5.3970,68.0347,233.21,0.572,0.515
1257,20.9500,0.6784,5.3015,70.1806,234.44,0.445,0.512
1258,20.9667,0.6324,6.0807,63.8750,234.44,0.464,0.513
1259,20.9833,0.6742,5.8264,59.3542,234.44,0.464,0.513
1260,21.0000,0.6156,5.5585,58.5833,234.44,0.460,0.513
1261,21.0167,0.5408,5.3187,57.8958,234.45,0.456,0.513
1262,21.0333,0.7140,5.2700,57.2292,234.45,0.507,0.514
1263,21.0500,0.4987,5.3002,56.4028,234.81,0.457,0.512
1264,21.0667,0.3996,4.1462,52.2361,234.81,0.420,0.511
1265,21.0833,0.5106,3.9873,46.7014,234.82,0.472,0.514
1266,21.1000,0.3300,3.7812,44.8542,234.81,0.403,0.510
1267,21.1167,0.4391,3.6272,44.5347,234.81,0.461,0.514
1268,21.1333,3.7515,5.7100,47.4028,234.81,0.615,0.517
1269,21.1500,0.5509,5.6447,47.6806,231.40,0.514,0.515
1270,21.1667,0.5029,5.6935,47.1111,231.40,0.515,0.515
1271,21.1833,0.5059,5.6075,46.7917,231.41,0.518,0.515
1272,21.2000,0.4357,5.5292,47.1111,231.41,0.515,0.514
1273,21.2167,0.4227,5.3536,46.3889,231.41,0.512,0.514
1274,21.2333,0.4020,5.2709,46.4375,231.41,0.509,0.515
1275,21.2500,0.3778,5.0853,45.7639,231.41,0.508,0.515
1276,21.2667,0.3373,3.4250,32.1319,231.40,0.514,0.515
1277,21.2833,0.3249,3.2129,30.2014,231.42,0.509,0.515
1278,21.3000,0.2853,3.0191,28.6597,231.41,0.516,0.514
1279,21.3167,0.2759,2.7974,26.3681,231.43,0.503,0.515
1280,21.3333,0.2336,2.5980,24.4583,231.40,0.509,0.514
1281,21.3500,0.2347,2.4080,22.4097,231.42,0.504,0.514
1282,21.3667,0.2006,2.2220,20.7083,231.41,0.525,0.516
1283,21.3833,0.1892,2.0488,18.8333,231.42,0.500,0.515
1284,21.4000,0.1610,1.8790,17.2083,231.40,0.520,0.514
1285,21.4167,0.1491,1.7080,15.4514,231.42,0.500,0.513
1286,21.4333,0.1102,1.5384,13.8194,231.41,0.509,0.515
1287,21.4500,0.1104,1.3733,12.2639,231.41,0.538,0.515
1288,21.4667,0.0750,1.2129,10.7153,231.40,0.498,0.514
1289,21.4833,0.0812,1.0572,9.5486,231.41,0.489,0.516
1290,21.5000,0.0457,0.8994,7.8611,231.40,0.544,0.513
1291,21.5167,0.4306,1.1342,6.6250,231.40,0.711,0.389
1292,21.5333,35.9340,36.3178,212.5903,231.82,0.259,0.608
1293,21.5500,0.4819,36.1604,212.5903,210.11,0.561,0.274
1294,21.5667,0.2894,36.0387,212.5903,210.29,0.560,0.267
1295,21.5833,0.2299,35.9639,212.5903,210.41,0.555,0.265
1296,21.6000,0.1683,35.8890,212.5903,210.49,0.553,0.263
1297,21.6167,0.1281,35.8550,212.5903,210.57,0.538,0.258
1298,21.6333,0.1039,35.8015,212.5347,210.62,0.516,0.266
1299,21.6500,0.0836,35.3569,212.5417,210.67,0.507,0.239
1300,21.6667,0.0794,1.1299,38.0903,210.71,0.491,0.229
1301,21.6833,0.1008,0.8868,29.1389,210.74,0.481,0.246
1302,21.7000,0.1401,0.7395,19.3819,210.75,0.508,0.226
1303,21.7167,0.1733,0.6351,13.5486,210.77,0.516,0.231
1304,21.7333,0.2176,0.5910,15.7431,210.78,0.524,0.236
1305,21.7500,1.3988,1.6177,34.5139,210.79,0.517,0.242
1306,21.7667,4.1266,5.3602,115.3472,209.58,0.545,0.337
1307,21.7833,6.1300,10.8077,201.1736,205.75,0.578,0.389
1308,21.8000,7.0776,16.7178,200.2014,200.39,0.600,0.433
1309,21.8167,7.5166,22.5177,200.8542,194.54,0.615,0.472
1310,21.8333,7.9919,28.0138,204.3611,188.74,0.625,0.509
1311,21.8500,8.0206,33.0512,218.2083,183.24,0.635,0.537
1312,21.8667,7.8649,37.7075,218.1111,178.13,0.643,0.557
1313,21.8833,7.5962,40.6836,215.4583,173.42,0.648,0.570
1314,21.9000,6.9105,41.1276,213.7361,169.18,0.655,0.586
1315,21.9167,6.2035,39.8792,213.1667,165.63,0.664,0.595
1316,21.9333,5.2522,37.4264,205.8889,162.58,0.669,0.608
1317,21.9500,4.3529,34.1416,198.3958,160.09,0.674,0.611
1318,21.9667,4.6195,31.4137,201.7153,158.11,0.662,0.562
1319,21.9833,2.3431,27.5993,198.1250,158.18,0.683,0.618
1320,22.0000,1.5041,24.2530,164.9722,157.32,0.683,0.588
1321,22.0167,0.6391,20.1214,124.9306,156.88,0.709,0.464
1322,22.0333,0.8957,17.0279,105.7917,156.93,0.701,0.556
1323,22.0500,1.3043,13.1092,84.7153,157.17,0.694,0.601
1324,22.0667,1.4386,9.1910,72.7222,157.66,0.693,0.612
1325,22.0833,1.4418,5.3743,62.6806,158.17,0.690,0.622
1326,22.1000,1.3827,3.5299,51.2431,158.81,0.692,0.626
1327,22.1167,1.3024,5.8339,55.6528,159.32,0.693,0.623
1328,22.1333,1.1607,7.2635,56.5833,159.75,0.691,0.618
1329,22.1500,0.9888,7.8317,56.6319,160.09,0.695,0.620
1330,22.1667,0.8306,7.9064,54.2917,160.43,0.696,0.610
1331,22.1833,0.7714,7.5358,50.0278,160.68,0.699,0.608
1332,22.2000,0.6900,7.0153,43.9375,160.91,0.703,0.601
1333,22.2167,0.6270,6.3493,45.5625,161.05,0.704,0.603
1334,22.2333,0.5205,5.6301,43.7500,161.24,0.710,0.585
1335,22.2500,0.4549,4.9983,40.3472,161.33,0.709,0.584
1336,22.2667,0.3910,4.4243,35.0347,161.43,0.723,0.563
1337,22.2833,0.3166,3.9504,29.6319,161.47,0.737,0.552
1338,22.3000,0.2696,3.4869,28.0139,161.49,0.737,0.556
1339,22.3167,0.2484,3.0186,26.1875,161.52,0.743,0.548
1340,22.3333,0.1625,2.5508,24.7639,161.50,0.779,0.482
1341,22.3500,0.1472,2.1182,23.6250,161.47,0.786,0.483
1342,22.3667,0.1399,1.7588,21.9375,161.44,0.785,0.480
1343,22.3833,0.1402,1.4895,21.1042,161.41,0.775,0.483
1344,22.4000,0.1213,1.2726,19.8472,161.37,0.790,0.491
1345,22.4167,0.1123,1.1104,18.6458,161.35,0.792,0.484
1346,22.4333,0.1049,0.9673,17.5556,161.33,0.796,0.485
1347,22.4500,0.1069,0.8569,16.9653,161.30,0.777,0.497
1348,22.4667,0.0954,0.8140,16.5000,161.27,0.792,0.491
1349,22.4833,0.0815,0.7778,16.1944,161.26,0.795,0.490
1350,22.5000,0.0758,0.7281,15.4931,161.24,0.800,0.488
1351,22.5167,0.0747,0.6771,14.3681,161.22,0.794,0.489
1352,22.5333,0.0702,0.6407,13.3542,161.21,0.750,0.473
1353,22.5500,0.0665,0.5939,12.6875,161.20,0.757,0.474
1354,22.5667,0.0518,0.5552,11.9444,161.18,0.789,0.493
1355,22.5833,0.0680,0.5251,11.1181,161.17,0.688,0.455
1356,22.6000,0.0482,0.4876,10.3333,161.14,0.780,0.507
1357,22.6167,0.0422,0.4510,9.4931,161.13,0.794,0.500
1358,22.6333,0.0348,0.4164,8.6806,161.12,0.782,0.495
1359,22.6500,0.0391,0.3854,8.1736,161.12,0.765,0.500
1360,22.6667,0.0255,0.3550,7.4653,161.11,0.776,0.480
1361,22.6833,0.0238,0.3132,6.6875,161.10,0.787,0.498
1362,22.7000,0.0192,0.2845,6.1389,161.10,0.788,0.490
1363,22.7167,0.0231,0.2409,5.4583,161.10,0.736,0.492
1364,22.7333,0.0102,0.2044,4.5764,161.09,0.747,0.531
1365,22.7500,0.0127,0.1760,3.9306,161.09,0.796,0.502
1366,22.7667,0.0058,0.1491,3.3403,161.09,0.717,0.532
1367,22.7833,0.0102,0.1191,2.5417,161.09,0.642,0.360
1368,22.8000,0.3038,0.2827,8.0000,161.08,0.841,0.517
1369,22.8167,0.1915,0.4480,13.3542,161.12,0.836,0.512
1370,22.8333,0.1544,0.5609,16.8333,161.15,0.834,0.512
1371,22.8500,0.1227,0.6483,19.6528,161.17,0.832,0.509
1372,22.8667,0.1007,0.7137,21.8611,161.19,0.832,0.508
1373,22.8833,0.0774,0.7607,23.1875,161.20,0.826,0.501
1374,22.9000,0.0627,0.7990,24.6458,161.21,0.827,0.504
1375,22.9167,0.0500,0.8187,25.6111,161.22,0.826,0.501
1376,22.9333,77.0533,77.1519,212.5486,161.22,0.457,0.570
1377,22.9500,5.6164,77.1016,212.5486,235.19,0.543,0.347
1378,22.9667,4.3899,77.1209,212.9861,235.12,0.470,0.338
1379,22.9833,4.0581,78.5564,213.1042,235.12,0.411,0.333
1380,23.0000,4.0765,79.7781,212.7431,234.54,0.360,0.324
1381,23.0167,3.7527,80.7340,213.2500,234.53,0.332,0.321
1382,23.0333,5.0352,81.2230,212.5486,234.59,0.372,0.328
1383,23.0500,5.3863,81.5662,212.5486,232.61,0.363,0.320
1384,23.0667,4.8900,9.1883,103.1667,232.43,0.378,0.321
1385,23.0833,5.2467,10.2161,103.1597,232.47,0.366,0.319
1386,23.1000,5.3149,10.1817,113.9167,231.30,0.368,0.316
1387,23.1167,4.7002,10.7054,104.5000,231.50,0.374,0.320
1388,23.1333,9.2632,15.5417,116.1042,231.69,0.606,0.363
1389,23.1500,9.1094,15.6590,100.7431,226.57,0.582,0.353
1390,23.1667,8.3641,17.1939,93.0972,225.93,0.570,0.353
1391,23.1833,9.5033,18.3981,114.5972,225.48,0.556,0.341
1392,23.2000,9.5497,18.0025,129.9861,223.21,0.545,0.332
1393,23.2167,9.1673,19.1624,135.5556,222.95,0.542,0.335
1394,23.2333,9.9170,19.5747,139.8333,222.77,0.548,0.338
1395,23.2500,9.6718,19.5430,138.5278,221.50,0.548,0.337
1396,23.2667,9.5955,23.6786,148.8056,221.36,0.547,0.344
1397,23.2833,10.2845,23.9236,151.9653,221.21,0.549,0.339
1398,23.3000,10.1653,22.9869,142.5278,219.93,0.548,0.338
1399,23.3167,9.7881,23.5508,129.7014,220.11,0.536,0.343
1400,23.3333,9.9413,23.3571,123.0625,220.15,0.529,0.341
1401,23.3500,9.9941,22.7868,120.5417,219.48,0.518,0.344
1402,23.3667,10.1451,23.3755,105.2847,219.38,0.504,0.349
1403,23.3833,11.4991,24.2815,110.4792,219.34,0.538,0.338
1404,23.4000,11.1791,24.1546,109.2083,217.35,0.530,0.342
1405,23.4167,11.0990,24.9001,129.0417,216.91,0.523,0.338
1406,23.4333,11.1250,24.5028,129.3472,216.81,0.514,0.338
1407,23.4500,10.9040,24.2841,121.8056,216.50,0.510,0.333
1408,23.4667,10.7760,24.4665,115.6528,216.35,0.519,0.330
1409,23.4833,10.7905,24.7023,118.6667,216.34,0.511,0.330
1410,23.5000,10.7474,24.8343,119.6944,215.84,0.506,0.325
1411,23.5167,10.5729,25.6366,121.7431,215.86,0.502,0.324
1412,23.5333,10.6408,25.8097,115.3750,215.80,0.509,0.320
1413,23.5500,10.5921,25.4812,113.8819,215.45,0.508,0.320
1414,23.5667,10.4054,25.1503,115.5764,215.38,0.505,0.323
1415,23.5833,10.5717,25.1505,115.7708,215.43,0.513,0.318
1416,23.6000,10.4893,24.7272,121.9931,215.09,0.511,0.323
1417,23.6167,10.0672,24.7118,119.2431,215.13,0.502,0.319
1418,23.6333,9.8515,24.5934,112.7500,215.31,0.500,0.318
1419,23.6500,9.7337,24.2881,107.4931,215.21,0.501,0.322
1420,23.6667,9.5671,23.8421,106.2847,215.21,0.498,0.319
1421,23.6833,9.7017,23.6715,98.7500,215.33,0.501,0.321
1422,23.7000,9.5991,23.2635,99.6319,215.06,0.497,0.319
1423,23.7167,9.4150,22.9375,103.3333,215.05,0.487,0.319
1424,23.7333,9.0918,22.4871,102.8611,215.19,0.473,0.321
1425,23.7500,8.8304,22.0446,103.1528,215.27,0.472,0.316
1426,23.7667,8.8313,21.7427,105.9306,215.44,0.469,0.315
1427,23.7833,8.5918,21.3682,105.8125,215.53,0.472,0.314
1428,23.8000,8.2971,20.9263,103.5625,215.69,0.455,0.313
1429,23.8167,8.1272,20.8659,97.3681,215.74,0.452,0.316
1430,23.8333,8.0943,20.7075,95.0556,215.76,0.455,0.308
1431,23.8500,8.0266,20.3631,88.7083,215.95,0.451,0.313
1432,23.8667,7.6039,20.0375,83.3750,216.06,0.438,0.308
1433,23.8833,7.5149,19.7331,84.0208,216.28,0.441,0.303
1434,23.9000,7.5636,19.4632,84.0139,216.38,0.448,0.305
1435,23.9167,7.2807,19.0716,88.0694,216.54,0.436,0.304
1436,23.9333,7.3423,19.2225,91.6111,216.75,0.464,0.301
1437,23.9500,7.4197,19.1034,89.0139,216.72,0.466,0.300
1438,23.9667,6.6998,19.0852,87.3611,216.93,0.458,0.290
1439,23.9833,7.0387,18.6195,83.9514,216.88,0.467,0.299
1440,24.0000,6.9970,18.2738,77.5486,216.62,0.461,0.306
1441,24.0167,6.8219,18.1038,74.6111,216.37,0.466,0.308
1442,24.0333,6.9204,18.0648,72.2917,216.05,0.461,0.310
1443,24.0500,6.7865,18.0267,73.9167,215.81,0.459,0.311
1444,24.0667,6.6854,18.1858,76.4097,215.58,0.470,0.306
1445,24.0833,6.6255,18.1277,75.6944,215.35,0.460,0.310
1446,24.1000,6.5749,18.2452,72.2292,214.87,0.461,0.309
1447,24.1167,6.4543,18.0918,74.2569,214.61,0.455,0.314
1448,24.1333,6.4468,18.0180,73.8264,214.26,0.456,0.310
1449,24.1500,6.3737,17.9235,77.2500,214.15,0.455,0.320
1450,24.1667,6.2185,17.8454,76.4236,214.01,0.456,0.312
1451,24.1833,6.2674,17.9786,78.5000,213.90,0.453,0.319
1452,24.2000,6.0085,17.9071,75.2639,213.85,0.456,0.314
1453,24.2167,5.8933,17.8609,74.6806,214.01,0.459,0.315
1454,24.2333,5.9263,17.5774,73.1944,214.11,0.456,0.319
1455,24.2500,5.6691,17.4846,73.1042,214.37,0.461,0.315
1456,24.2667,5.5684,17.1975,72.3819,214.59,0.457,0.314
1457,24.2833,5.4148,17.1047,69.4514,214.76,0.466,0.311
1458,24.3000,5.3241,16.4783,66.3819,214.71,0.472,0.309
1459,24.3167,5.2184,16.2979,67.1944,214.81,0.463,0.312
1460,24.3333,5.1683,15.8787,64.0833,214.72,0.467,0.310
1461,24.3500,4.9498,15.7793,67.8333,214.73,0.465,0.305
1462,24.3667,4.8758,15.4848,65.0625,214.67,0.469,0.307
1463,24.3833,4.7852,15.3134,66.5556,214.78,0.481,0.301
1464,24.4000,4.5840,14.9659,64.5069,214.87,0.470,0.304
1465,24.4167,4.6501,14.8537,64.5486,215.02,0.481,0.300
1466,24.4333,4.3468,14.6974,63.1944,215.22,0.485,0.298
1467,24.4500,4.3456,14.6175,63.4375,215.42,0.485,0.301
1468,24.4667,4.2400,14.4568,63.2014,215.57,0.486,0.298
1469,24.4833,4.1655,14.4425,62.5208,215.76,0.494,0.297
1470,24.5000,4.0029,14.3142,61.1458,216.06,0.481,0.298
1471,24.5167,3.9985,14.1582,60.5694,216.30,0.489,0.296
1472,24.5333,3.8508,14.1247,61.5139,216.48,0.498,0.293
1473,24.5500,3.6316,13.7167,59.9722,216.70,0.484,0.292
1474,24.5667,3.6838,13.4083,57.1528,216.87,0.498,0.291
1475,24.5833,3.4704,13.4094,58.7153,217.10,0.498,0.286
1476,24.6000,3.2408,12.9694,56.6806,217.26,0.503,0.284
1477,24.6167,3.3633,12.5795,56.0347,217.36,0.492,0.289
1478,24.6333,3.1866,12.6072,59.9167,217.31,0.505,0.280
1479,24.6500,3.0862,12.4371,60.7708,217.40,0.499,0.289
1480,24.6667,3.0450,12.2033,60.4931,217.38,0.485,0.288
1481,24.6833,3.1141,12.1242,62.0347,217.39,0.485,0.290
1482,24.7000,2.9319,12.0962,64.3264,217.34,0.490,0.284
1483,24.7167,2.8236,12.1126,63.2361,217.43,0.501,0.290
1484,24.7333,25.9709,26.1566,160.1319,217.40,0.483,0.308
1485,24.7500,2.8249,27.2319,160.2014,238.08,0.404,0.351
1486,24.7667,2.9169,27.7974,159.9306,235.95,0.437,0.328
1487,24.7833,2.7280,28.2105,153.5069,234.18,0.464,0.313
1488,24.8000,2.4778,28.6777,151.8958,232.65,0.485,0.301
1489,24.8167,2.1972,28.6294,143.6389,231.32,0.502,0.291
1490,24.8333,1.9810,28.6523,141.1597,230.21,0.514,0.284
1491,24.8500,1.7560,28.8821,140.7847,229.23,0.522,0.276
1492,24.8667,1.3808,10.7368,86.9653,228.49,0.534,0.275
1493,24.8833,1.1470,9.5461,85.9792,227.87,0.537,0.268
1494,24.9000,0.8134,8.3901,85.5556,227.43,0.546,0.269
1495,24.9167,0.4742,7.9724,76.0903,227.13,0.547,0.273
1496,24.9333,0.1631,7.1057,58.9444,226.97,0.549,0.262
1497,24.9500,0.1643,5.8109,44.1944,226.91,0.675,0.554
1498,24.9667,0.3701,4.5934,32.3056,227.00,0.664,0.557
1499,24.9833,0.5817,3.5713,20.6250,227.24,0.643,0.545
1500,25.0000,0.9065,2.5868,19.1736,227.42,0.623,0.520
1501,25.0167,1.0844,1.4979,19.0278,227.72,0.610,0.522
1502,25.0333,1.3475,2.4466,19.5972,228.01,0.613,0.518
1503,25.0500,1.3794,3.4448,18.2847,228.14,0.608,0.516
1504,25.0667,1.3379,4.0918,20.4514,228.40,0.595,0.508
1505,25.0833,1.5926,4.6381,22.4236,228.65,0.566,0.515
1506,25.1000,1.3628,4.8240,24.0139,228.68,0.563,0.513
1507,25.1167,1.2193,4.9768,25.8681,228.88,0.552,0.507
1508,25.1333,1.4632,5.1607,29.2222,229.02,0.551,0.533
1509,25.1500,1.1138,4.9442,31.1667,228.89,0.540,0.511
1510,25.1667,0.9238,4.9317,31.3542,229.00,0.532,0.502
1511,25.1833,1.1959,5.0246,35.9514,229.13,0.598,0.539
1512,25.2000,0.5024,5.3619,47.1111,228.74,0.541,0.449
1513,25.2167,0.2509,5.2652,46.6458,228.81,0.529,0.330
1514,25.2333,0.7142,5.1756,41.5972,228.87,0.487,0.568
1515,25.2500,0.4498,4.5720,35.3750,228.57,0.531,0.486
1516,25.2667,0.5443,3.7280,28.6597,228.62,0.526,0.499
1517,25.2833,0.9480,3.2748,26.3958,228.71,0.563,0.595
1518,25.3000,0.5142,3.0252,26.2708,228.32,0.539,0.535
1519,25.3167,0.4834,3.1087,29.2083,228.42,0.536,0.545
1520,25.3333,0.7828,3.6725,30.2014,228.43,0.637,0.613
1521,25.3500,0.4118,3.7314,30.4028,228.12,0.545,0.538
1522,25.3667,0.3249,3.4838,29.2292,228.12,0.549,0.541
1523,25.3833,0.4586,3.5256,29.3125,228.21,0.508,0.629
1524,25.4000,0.2640,3.3130,28.6319,228.04,0.538,0.549
1525,25.4167,0.2462,2.8851,21.6806,228.08,0.538,0.554
1526,25.4333,0.3848,2.8353,20.4375,228.06,0.521,0.668
1527,25.4500,0.1551,2.5855,19.4097,227.90,0.542,0.589
1528,25.4667,0.1298,2.0734,16.3681,227.90,0.531,0.556
1529,25.4833,0.1165,1.8202,15.2708,227.94,0.534,0.560
1530,25.5000,0.0718,1.5732,13.4167,227.91,0.531,0.529
1531,25.5167,0.0880,1.2663,10.5694,227.93,0.529,0.473
1532,25.5333,0.0348,1.0293,8.4306,227.93,0.520,0.532
1533,25.5500,0.0400,0.8090,6.8125,227.94,0.510,0.519
1534,25.5667,0.1071,0.4995,4.4444,227.92,0.500,0.484
1535,25.5833,0.1035,0.4095,3.1042,227.98,0.506,0.484
1536,25.6000,0.1521,0.4062,2.3681,227.99,0.492,0.506
1537,25.6167,0.1675,0.5206,2.6319,228.04,0.504,0.493
1538,25.6333,0.2675,0.7490,3.9514,228.03,0.490,0.470
1539,25.6500,0.2946,0.9999,5.6319,228.12,0.501,0.483
1540,25.6667,0.3726,1.3420,7.5417,228.15,0.501,0.484
1541,25.6833,0.4272,1.7125,9.4931,228.25,0.499,0.475
1542,25.7000,0.6925,2.2807,11.3264,228.30,0.392,0.653
1543,25.7167,0.7154,2.8351,13.6181,228.26,0.430,0.577
1544,25.7333,0.8554,3.4717,15.6528,228.24,0.417,0.588
1545,25.7500,1.0204,4.2232,20.0000,228.22,0.406,0.615
1546,25.7667,1.0839,4.8406,23.6736,228.05,0.432,0.579
1547,25.7833,1.2696,5.6839,31.5556,228.06,0.415,0.612
1548,25.8000,1.3719,6.5224,38.6667,227.98,0.425,0.589
1549,25.8167,1.5587,7.3359,45.7778,227.97,0.431,0.581
1550,25.8333,1.8333,8.1113,49.0139,227.92,0.425,0.580
1551,25.8500,2.0193,9.1883,56.7778,227.90,0.422,0.586
1552,25.8667,2.2489,10.1625,61.1111,227.80,0.441,0.564
1553,25.8833,2.7559,11.1415,64.5556,227.83,0.436,0.569
1554,25.9000,3.1636,12.0828,72.7778,227.89,0.455,0.558
1555,25.9167,4.0177,13.5181,79.6875,227.86,0.464,0.544
1556,25.9333,6.6942,16.4093,97.1597,227.83,0.348,0.510
1557,25.9500,9.3614,19.2391,102.0278,226.17,0.334,0.524
1558,25.9667,11.0280,24.5269,105.3264,224.84,0.304,0.555
1559,25.9833,10.0149,29.9274,146.1736,224.49,0.259,0.573
1560,26.0000,12.0604,35.0282,150.8403,221.07,0.242,0.618
1561,26.0167,15.4902,40.8824,200.6042,216.78,0.245,0.607
1562,26.0333,20.0885,44.6914,236.3056,210.99,0.271,0.555
1563,26.0500,21.6148,47.9693,235.1389,206.63,0.282,0.544
1564,26.0667,22.0806,49.6183,215.0833,202.38,0.299,0.569
1565,26.0833,20.1120,50.0042,194.7639,198.86,0.306,0.572
1566,26.1000,18.4244,48.7528,189.5903,195.61,0.307,0.572
1567,26.1167,16.9457,48.4122,183.7292,193.58,0.311,0.567
1568,26.1333,15.8147,48.2839,204.6944,192.19,0.315,0.566
1569,26.1500,15.0533,47.5876,216.5764,190.95,0.330,0.565
1570,26.1667,14.1552,45.5926,213.3333,190.59,0.320,0.555
1571,26.1833,13.0394,44.6901,175.8681,189.84,0.312,0.546
1572,26.2000,12.0320,45.7363,168.0694,189.41,0.311,0.540
1573,26.2167,11.1688,44.3342,181.5694,188.99,0.304,0.539
1574,26.2333,10.9996,43.6431,197.4028,188.55,0.297,0.547
1575,26.2500,11.7954,43.7095,192.7569,188.47,0.305,0.581
1576,26.2667,11.1261,44.0390,166.2153,188.03,0.306,0.578
1577,26.2833,10.7329,43.9731,149.3125,187.99,0.304,0.569
1578,26.3000,10.5315,43.7235,154.7778,188.45,0.319,0.577
1579,26.3167,10.1972,43.1949,160.5278,189.06,0.336,0.585
1580,26.3333,9.9967,43.1872,170.2847,189.55,0.345,0.599
1581,26.3500,9.8364,43.2477,182.7222,190.06,0.359,0.615
1582,26.3667,9.6412,43.0953,191.3403,190.43,0.364,0.616
1583,26.3833,9.5394,42.4176,175.0833,190.81,0.375,0.617
1584,26.4000,9.5095,41.5149,152.3472,191.26,0.384,0.620
1585,26.4167,9.6267,40.6173,142.8819,191.64,0.396,0.623
1586,26.4333,10.3882,39.8790,141.9236,191.59,0.400,0.614
1587,26.4500,10.5787,39.3723,130.3264,191.59,0.408,0.619
1588,26.4667,11.3224,39.1317,122.4167,191.56,0.406,0.608
1589,26.4833,12.4705,39.4750,115.2917,191.99,0.403,0.621
1590,26.5000,12.9559,39.8250,106.4236,192.72,0.406,0.621
1591,26.5167,13.8532,40.5029,110.0069,193.47,0.412,0.625
1592,26.5333,14.9023,41.0142,128.9306,193.93,0.416,0.626
1593,26.5500,16.2554,42.1171,152.1389,194.46,0.419,0.624
1594,26.5667,17.8034,42.9841,152.1944,194.84,0.421,0.615
1595,26.5833,19.2826,43.7906,143.7986,194.72,0.424,0.613
1596,26.6000,20.7535,44.3790,134.2431,194.47,0.424,0.607
1597,26.6167,22.4668,45.1121,133.7083,194.02,0.417,0.590
1598,26.6333,25.2796,45.9933,119.5417,194.06,0.420,0.581
1599,26.6500,28.1549,46.1212,125.2847,194.07,0.423,0.578
1600,26.6667,31.6061,45.6844,137.7014,193.44,0.427,0.580
1601,26.6833,35.9295,44.2918,136.7153,192.38,0.420,0.582
1602,26.7000,40.1924,36.8804,138.9931,192.39,0.414,0.558
1603,26.7167,43.0586,36.0586,144.5972,191.24,0.406,0.527
1604,26.7333,45.4208,42.8516,135.6319,188.80,0.414,0.528
1605,26.7500,42.8139,44.7783,177.1667,187.38,0.413,0.523
1606,26.7667,41.3495,45.1012,154.4444,185.91,0.401,0.505
1607,26.7833,35.7032,47.0445,151.9722,187.46,0.404,0.502
1608,26.8000,31.8619,48.1848,217.5486,188.57,0.406,0.493
1609,26.8167,28.7461,47.1073,167.4375,189.65,0.409,0.494
1610,26.8333,25.9974,44.3778,137.7847,190.88,0.410,0.489
1611,26.8500,23.4248,47.7805,165.9028,191.86,0.412,0.492
1612,26.8667,21.1125,46.5388,185.6597,192.65,0.414,0.483
1613,26.8833,19.3320,43.0294,165.4306,193.61,0.408,0.475
1614,26.9000,17.5830,40.3803,153.8056,194.67,0.412,0.478
1615,26.9167,16.1538,44.5980,148.6736,195.42,0.408,0.474
1616,26.9333,15.0552,48.5466,168.3056,196.35,0.407,0.468
1617,26.9500,13.5343,50.9096,174.7569,197.21,0.415,0.474
1618,26.9667,12.5135,50.8196,153.0278,197.85,0.418,0.473
1619,26.9833,11.6149,49.6091,156.5069,198.52,0.417,0.470
1620,27.0000,10.6757,47.9246,149.5903,199.06,0.417,0.471
1621,27.0167,10.2454,46.1479,161.9583,199.70,0.418,0.477
1622,27.0333,9.5596,44.6051,171.7986,200.35,0.419,0.479
1623,27.0500,8.8303,42.6662,179.1458,201.00,0.420,0.484
1624,27.0667,8.1655,40.9939,179.2153,201.50,0.425,0.485
1625,27.0833,7.6691,39.5940,168.2361,201.98,0.425,0.494
1626,27.1000,7.2163,38.4875,156.8542,202.53,0.424,0.485
1627,27.1167,6.7068,37.6426,149.0208,203.01,0.428,0.494
1628,27.1333,6.2418,36.4780,148.4931,203.34,0.434,0.501
1629,27.1500,6.0206,35.2113,139.7986,203.77,0.431,0.502
1630,27.1667,5.6593,33.7828,129.8542,204.15,0.430,0.501
1631,27.1833,5.4646,32.3822,118.9792,204.55,0.435,0.509
1632,27.2000,5.3158,31.5120,120.3611,204.92,0.436,0.512
1633,27.2167,5.1140,30.3492,115.0764,205.47,0.442,0.520
1634,27.2333,4.9473,29.3888,115.4861,205.98,0.444,0.516
1635,27.2500,4.9842,28.9806,120.0694,206.43,0.445,0.520
1636,27.2667,5.1185,28.0303,119.4653,206.97,0.443,0.522
1637,27.2833,4.9958,27.3474,117.0417,207.63,0.444,0.518
1638,27.3000,5.4197,27.2702,114.7153,208.29,0.441,0.519
1639,27.3167,5.5136,27.4964,113.6389,209.11,0.443,0.519
1640,27.3333,5.8657,27.5628,110.5208,209.77,0.448,0.525
1641,27.3500,6.2453,28.0748,113.1319,210.77,0.449,0.523
1642,27.3667,6.5065,28.5079,112.7569,211.74,0.449,0.523
1643,27.3833,7.0561,29.0879,115.2847,212.92,0.454,0.530
1644,27.4000,7.8043,29.9492,118.3403,214.23,0.451,0.527
1645,27.4167,8.8172,31.0193,126.5000,215.69,0.455,0.528
1646,27.4333,204.4534,196.6314,241.6875,217.57,0.505,0.493
1647,27.4500,2.5890,198.3555,241.8333,17.92,0.544,0.535
1648,27.4667,1.9312,200.1154,241.3958,16.44,0.541,0.535
1649,27.4833,1.4414,201.6692,241.9861,15.39,0.543,0.537
1650,27.5000,1.2560,203.3433,241.5347,14.59,0.541,0.531
1651,27.5167,0.9908,204.9592,241.0486,13.90,0.543,0.534
1652,27.5333,0.8203,206.7196,241.0417,13.39,0.544,0.534
1653,27.5500,0.7238,208.8576,241.1944,12.94,0.537,0.529
1654,27.5667,0.5920,7.5550,62.7014,12.56,0.542,0.532
1655,27.5833,0.4867,6.1491,47.0486,12.23,0.544,0.531
1656,27.6000,0.4001,5.1336,35.8611,11.98,0.545,0.532
1657,27.6167,0.3176,4.3852,31.1458,11.77,0.538,0.538
1658,27.6333,0.2911,3.7105,25.8750,11.61,0.537,0.510
1659,27.6500,0.1765,3.1658,23.8542,11.49,0.550,0.542
1660,27.6667,0.1683,2.6635,20.9097,11.40,0.534,0.519
1661,27.6833,0.0726,2.1748,18.9167,11.29,0.579,0.556
1662,27.7000,0.1280,1.8224,15.7569,11.27,0.492,0.458
1663,27.7167,0.0151,1.4224,12.1250,11.28,0.446,0.545
1664,27.7333,0.0182,1.0734,8.9583,11.29,0.546,0.575
1665,27.7500,0.1152,0.8107,7.1597,11.29,0.524,0.472
1666,27.7667,0.0591,0.4890,4.8403,11.38,0.530,0.532
1667,27.7833,0.0548,0.2881,4.3264,11.40,0.518,0.534
1668,27.8000,0.1031,0.2760,6.0278,11.43,0.537,0.480
1669,27.8167,0.1457,0.4714,9.7639,11.50,0.529,0.467
1670,27.8333,0.0526,0.5140,9.8056,11.61,0.535,0.559
1671,27.8500,0.1028,0.5954,12.8264,11.62,0.523,0.462
1672,27.8667,0.1036,0.6680,16.5764,11.70,0.566,0.470
1673,27.8833,0.0787,0.6383,15.3472,11.77,0.556,0.456
1674,27.9000,0.0700,0.6373,17.1111,11.83,0.560,0.459
1675,27.9167,0.0920,0.6667,20.7778,11.86,0.599,0.440
1676,27.9333,0.0680,0.6281,18.9167,11.93,0.581,0.456
1677,27.9500,0.1105,0.5894,14.9514,11.97,0.625,0.421
1678,27.9667,0.0945,0.6155,14.8264,12.05,0.632,0.423
1679,27.9833,0.1587,0.6806,14.1319,12.12,0.439,0.458
1680,28.0000,0.0873,0.6721,14.1736,12.25,0.332,0.473
1681,28.0167,0.1526,0.7429,18.5486,12.32,0.331,0.470
1682,28.0333,0.1375,0.7996,25.7083,12.44,0.381,0.473
1683,28.0500,0.1036,0.8158,27.0208,12.55,0.394,0.472
1684,28.0667,0.1621,0.9183,26.8889,12.64,0.429,0.468
1685,28.0833,0.1880,1.0048,26.8264,12.78,0.490,0.473
1686,28.1000,0.0795,0.9954,26.8333,12.94,0.526,0.483
1687,28.1167,0.1375,0.9820,24.2083,13.01,0.562,0.471
1688,28.1333,0.1273,1.0276,24.2014,13.12,0.602,0.475
1689,28.1500,0.0970,0.9785,24.2014,13.23,0.625,0.477
1690,28.1667,0.0578,0.9167,24.1806,13.30,0.395,0.534
1691,28.1833,0.0715,0.8856,23.2361,13.34,0.300,0.548
1692,28.2000,0.1291,0.8503,23.2153,13.39,0.304,0.543
1693,28.2167,0.0632,0.7241,21.6528,13.50,0.337,0.545
1694,28.2333,0.1044,0.7457,22.8819,13.55,0.349,0.542
1695,28.2500,0.0215,0.6308,23.6042,13.63,0.409,0.577
1696,28.2667,0.0741,0.5854,24.0833,13.64,0.389,0.548
1697,28.2833,0.0650,0.5534,24.0833,13.69,0.408,0.543
1698,28.3000,0.0398,0.5332,22.2708,13.74,0.424,0.544
1699,28.3167,0.0955,0.5561,18.5347,13.76,0.432,0.539
1700,28.3333,0.0683,0.4985,18.3194,13.84,0.452,0.543
1701,28.3500,0.0473,0.4846,20.7708,13.89,0.464,0.546
1702,28.3667,0.0395,0.4164,22.6597,13.92,0.485,0.538
1703,28.3833,0.0060,0.4014,22.6111,13.95,0.464,0.602
1704,28.4000,0.0672,0.3912,22.8403,13.95,0.497,0.540
1705,28.4167,0.0636,0.3911,20.0486,14.00,0.516,0.539
1706,28.4333,0.0588,0.4146,18.1736,14.05,0.542,0.542
1707,28.4500,0.0156,0.3298,12.6319,14.10,0.588,0.584
1708,28.4667,0.0566,0.3116,8.8611,14.10,0.533,0.534
1709,28.4833,0.0206,0.2839,8.8472,14.14,0.524,0.529
1710,28.5000,0.0943,0.3228,12.6111,14.13,0.535,0.534
1711,28.5167,0.0441,0.3418,12.6597,14.18,0.512,0.525
1712,28.5333,0.0800,0.3409,14.9028,14.19,0.548,0.529
1713,28.5500,0.0495,0.3129,11.9028,14.22,0.484,0.548
1714,28.5667,0.1160,0.3482,12.2847,14.21,0.552,0.527
1715,28.5833,0.0675,0.3938,12.2708,14.25,0.505,0.497
1716,28.6000,0.1287,0.4595,13.2083,14.25,0.553,0.519
1717,28.6167,0.0646,0.5013,13.2222,14.27,0.487,0.540
1718,28.6333,0.0881,0.4916,9.5556,14.27,0.504,0.506
1719,28.6500,0.0838,0.5240,9.6111,14.23,0.503,0.531
1720,28.6667,0.0935,0.5330,7.5972,14.23,0.509,0.510
1721,28.6833,0.0953,0.5807,7.6250,14.19,0.503,0.536
1722,28.7000,0.1067,0.5738,3.8264,14.17,0.498,0.522
1723,28.7167,0.1112,0.6127,3.9167,14.12,0.501,0.509
1724,28.7333,0.1161,0.6084,4.2361,14.11,0.508,0.510
1725,28.7500,0.1114,0.6594,4.3125,14.06,0.495,0.528
1726,28.7667,0.1310,0.7133,4.6250,14.04,0.498,0.511
1727,28.7833,0.1443,0.7767,4.8958,13.97,0.486,0.503
1728,28.8000,0.1456,0.8318,5.3472,13.95,0.500,0.527
1729,28.8167,0.1478,0.8835,5.7431,13.89,0.502,0.501
1730,28.8333,0.1730,0.9513,6.2569,13.84,0.501,0.518
1731,28.8500,0.1659,1.0166,6.7014,13.77,0.490,0.502
1732,28.8667,0.1835,1.0829,7.2569,13.73,0.503,0.510
1733,28.8833,0.2018,1.1570,7.6250,13.65,0.495,0.513
1734,28.9000,0.2031,1.2394,8.2500,13.57,0.504,0.501
1735,28.9167,0.2109,1.3138,8.6528,13.46,0.505,0.516
1736,28.9333,0.2216,1.3859,9.3194,13.40,0.498,0.523
1737,28.9500,0.2215,1.4493,9.8611,13.30,0.504,0.498
1738,28.9667,0.2554,1.5205,10.2569,13.22,0.507,0.513
1739,28.9833,0.2480,1.5911,10.5764,13.12,0.511,0.509
1740,29.0000,0.2746,1.6827,10.8403,13.05,0.499,0.506
1741,29.0167,0.2944,1.7419,11.6667,12.91,0.501,0.519
1742,29.0333,0.3212,1.8319,12.2986,12.80,0.505,0.505
1743,29.0500,0.3364,1.9469,12.9583,12.65,0.504,0.511
1744,29.0667,0.3490,2.0674,13.9514,12.53,0.501,0.512
1745,29.0833,0.3698,2.1775,15.0903,12.38,0.508,0.509
1746,29.1000,0.4244,2.3271,16.4236,12.23,0.510,0.505
1747,29.1167,0.4521,2.4946,17.6806,12.02,0.510,0.509
1748,29.1333,0.4969,2.6734,19.6528,11.87,0.503,0.512
1749,29.1500,0.5097,2.8316,21.8681,11.63,0.508,0.506
1750,29.1667,0.5979,3.0189,23.0764,11.41,0.509,0.503
1751,29.1833,0.6567,3.2420,24.7778,11.15,0.511,0.511
1752,29.2000,0.7501,3.4973,25.4444,10.87,0.509,0.509
1753,29.2167,0.9567,3.8234,28.9028,10.51,0.512,0.506
1754,29.2333,12.8700,14.2994,88.7917,10.07,0.501,0.501
1755,29.2500,3.1679,14.1273,90.2431,12.48,0.507,0.482
1756,29.2667,4.7024,14.9226,88.5000,11.69,0.484,0.492
1757,29.2833,9.8577,21.0563,91.4306,12.40,0.448,0.527
1758,29.3000,11.1303,27.1855,109.9375,18.11,0.463,0.534
1759,29.3167,11.5997,33.5222,151.8750,24.34,0.466,0.531
1760,29.3333,11.4600,38.5162,179.1667,30.54,0.460,0.535
1761,29.3500,11.1069,42.2779,182.6806,35.39,0.469,0.534
1762,29.3667,11.0177,40.7389,169.3403,39.34,0.470,0.520
1763,29.3833,10.9660,42.8741,144.3472,42.31,0.492,0.519
1764,29.4000,10.5802,43.5955,142.2639,44.57,0.498,0.511
1765,29.4167,9.9745,42.6102,137.4167,46.40,0.504,0.506
1766,29.4333,10.5928,41.4770,141.2639,47.53,0.505,0.488
1767,29.4500,9.7354,40.6960,145.7778,48.58,0.511,0.471
1768,29.4667,9.3989,40.3729,147.1319,48.24,0.520,0.475
1769,29.4833,8.3803,39.9669,148.4792,47.72,0.514,0.487
1770,29.5000,7.6012,39.4179,144.4931,47.01,0.522,0.470
1771,29.5167,6.8563,38.9737,135.0694,46.55,0.522,0.482
1772,29.5333,6.6068,38.7744,122.4514,45.92,0.528,0.472
1773,29.5500,5.9320,37.7223,134.0764,46.07,0.514,0.485
1774,29.5667,5.4089,35.7993,130.8333,45.59,0.513,0.481
1775,29.5833,4.7236,33.7357,113.0556,45.03,0.516,0.476
1776,29.6000,4.4602,31.4552,97.1806,44.56,0.523,0.478
1777,29.6167,3.9743,29.4441,83.3056,44.12,0.516,0.478
1778,29.6333,3.9721,27.8936,75.5764,43.66,0.528,0.473
1779,29.6500,3.3550,26.0457,70.1458,43.85,0.509,0.481
1780,29.6667,2.9762,24.3874,63.2500,43.44,0.523,0.479
1781,29.6833,2.7548,22.7354,59.6250,43.15,0.516,0.480
1782,29.7000,2.4653,21.1219,56.1875,42.72,0.516,0.474
1783,29.7167,2.2045,19.5975,56.2708,42.58,0.524,0.481
1784,29.7333,1.9123,17.9418,56.1181,42.27,0.539,0.469
1785,29.7500,1.7820,16.4438,53.3542,42.11,0.512,0.478
1786,29.7667,1.6419,15.1525,47.7014,41.78,0.522,0.460
1787,29.7833,1.3666,13.9156,44.7153,41.77,0.522,0.475
1788,29.8000,1.2656,12.7384,41.5833,41.53,0.543,0.457
1789,29.8167,1.1131,11.5407,39.7014,41.50,0.534,0.473
1790,29.8333,1.1889,10.4714,38.4444,41.21,0.535,0.451
1791,29.8500,0.8708,9.4232,37.1250,40.98,0.532,0.472
1792,29.8667,0.9137,8.6446,36.3056,40.77,0.564,0.438
1793,29.8833,0.8353,7.8713,35.7847,40.70,0.525,0.472
1794,29.9000,0.9520,7.2470,34.7361,40.39,0.529,0.440
1795,29.9167,0.8382,6.8097,33.8958,40.35,0.494,0.465
1796,29.9333,0.9530,6.5275,32.9931,40.26,0.518,0.464
1797,29.9500,0.8660,6.2496,32.2222,40.26,0.529,0.497
1798,29.9667,0.9935,6.1273,31.1528,40.07,0.537,0.472
1799,29.9833,1.0050,6.1610,31.7500,40.11,0.519,0.485
1800,30.0000,0.9512,6.2067,31.7986,39.88,0.549,0.460
1801,30.0167,0.8076,6.2300,31.9167,40.01,0.530,0.503
1802,30.0333,0.9864,6.2948,32.7014,39.99,0.520,0.470
1803,30.0500,0.9082,6.3487,32.8611,40.04,0.506,0.506
1804,30.0667,1.1311,6.5212,31.8403,39.95,0.529,0.481
1805,30.0833,0.9811,6.6115,31.7778,40.11,0.509,0.510
1806,30.1000,1.0387,6.7703,32.5278,40.09,0.512,0.471
1807,30.1167,0.9434,6.7534,33.7708,40.14,0.523,0.485
1808,30.1333,1.1174,6.8645,35.5486,40.01,0.535,0.481
1809,30.1500,1.0151,7.0209,36.0694,40.10,0.516,0.494
1810,30.1667,1.0844,7.1048,36.5208,40.09,0.533,0.472
1811,30.1833,0.9623,7.1169,35.9861,40.14,0.508,0.510
1812,30.2000,1.2435,7.1987,35.5556,39.99,0.537,0.491
1813,30.2167,0.9352,7.1337,35.3681,40.15,0.502,0.499
1814,30.2333,1.0689,7.1645,36.4653,40.18,0.521,0.494
1815,30.2500,1.0438,7.2322,36.2153,40.27,0.511,0.494
1816,30.2667,1.1580,7.3108,36.9653,40.24,0.528,0.471
1817,30.2833,0.9914,7.3257,37.4375,40.42,0.523,0.495
1818,30.3000,1.1276,7.3531,36.8681,40.45,0.528,0.487
1819,30.3167,1.0286,7.3456,37.1250,40.60,0.528,0.513
1820,30.3333,1.1466,7.3544,36.9236,40.49,0.526,0.488
1821,30.3500,1.0068,7.4208,36.9722,40.66,0.514,0.503
1822,30.3667,1.1851,7.5483,37.6944,40.65,0.523,0.500
1823,30.3833,1.0794,7.5752,38.2917,40.82,0.513,0.508
1824,30.4000,1.1884,7.5991,37.3333,40.77,0.536,0.482
1825,30.4167,1.0460,7.6291,36.4653,41.04,0.518,0.503
1826,30.4333,1.1412,7.7061,35.0417,41.04,0.524,0.494
1827,30.4500,1.0939,7.7537,35.2083,41.13,0.524,0.507
1828,30.4667,1.3584,7.8997,36.2569,41.08,0.556,0.492
1829,30.4833,1.0834,7.9386,36.6528,41.49,0.512,0.483
1830,30.5000,1.1678,7.9175,36.5486,41.46,0.533,0.500
1831,30.5167,1.0778,7.8343,36.2986,41.60,0.506,0.510
1832,30.5333,1.1991,7.7945,35.3056,41.55,0.524,0.497
1833,30.5500,1.0713,7.8098,36.0972,41.71,0.512,0.521
1834,30.5667,1.1841,7.8656,37.0278,41.72,0.518,0.495
1835,30.5833,1.1081,7.8741,38.5347,41.88,0.528,0.503
1836,30.6000,1.1173,7.9607,40.2639,41.83,0.526,0.507
1837,30.6167,1.1159,7.9673,41.1875,41.98,0.509,0.507
1838,30.6333,1.2093,8.0182,40.0833,41.97,0.518,0.495
1839,30.6500,1.2100,8.1554,40.5000,42.04,0.509,0.502
1840,30.6667,1.4286,8.3682,40.1736,41.94,0.523,0.504
1841,30.6833,1.4459,8.6281,41.3125,42.20,0.502,0.506
1842,30.7000,1.7868,9.0442,42.2986,42.25,0.495,0.501
1843,30.7167,1.7488,9.6385,44.3194,42.16,0.496,0.517
1844,30.7333,2.1158,10.4301,46.4444,42.22,0.510,0.504
1845,30.7500,2.1084,11.3402,48.6042,42.60,0.511,0.514
1846,30.7667,2.3521,12.2859,48.5347,42.77,0.503,0.511
1847,30.7833,2.5343,13.2298,49.6042,43.19,0.501,0.510
1848,30.8000,2.8677,14.2458,51.2014,43.40,0.503,0.518
1849,30.8167,3.1426,15.5028,55.1319,43.74,0.504,0.516
1850,30.8333,3.4540,16.8224,57.6736,43.97,0.500,0.514
1851,30.8500,3.8337,18.3873,59.9236,44.28,0.496,0.516
1852,30.8667,4.6419,20.2717,61.6319,44.61,0.498,0.506
1853,30.8833,4.9046,22.2431,64.6319,45.55,0.495,0.518
1854,30.9000,5.6277,24.4195,68.2569,46.22,0.496,0.513
1855,30.9167,6.5713,26.9723,71.9722,46.73,0.494,0.509
1856,30.9333,7.8358,29.8028,74.8750,47.56,0.502,0.511
1857,30.9500,9.8360,33.1710,77.1250,48.45,0.498,0.510
1858,30.9667,12.3264,37.5460,80.6042,49.51,0.499,0.510
1859,30.9833,16.8112,43.1911,78.2083,51.04,0.496,0.509
1860,31.0000,24.0250,51.7410,113.5764,53.12,0.493,0.503
1861,31.0167,37.9080,62.4924,123.5278,55.64,0.499,0.503
1862,31.0333,40.4329,66.6060,101.4792,52.62,0.500,0.495
1863,31.0500,29.3388,65.6957,115.5694,44.58,0.499,0.499
1864,31.0667,27.7702,64.9144,109.5972,40.41,0.494,0.508
1865,31.0833,24.5760,64.8155,107.0000,44.66,0.497,0.508
1866,31.1000,21.4290,65.4688,109.3056,49.50,0.497,0.506
1867,31.1167,19.1370,67.0485,111.8056,53.33,0.497,0.507
1868,31.1333,18.1326,69.3873,124.7500,56.43,0.493,0.508
1869,31.1500,17.4456,72.7333,126.9861,57.45,0.499,0.500
1870,31.1667,15.8112,72.8924,113.2639,56.87,0.499,0.501
1871,31.1833,13.9544,69.4199,100.9167,55.53,0.503,0.498
1872,31.2000,12.6520,71.1008,116.0556,54.53,0.501,0.495
1873,31.2167,11.3637,71.2477,119.7431,53.09,0.500,0.491
1874,31.2333,10.3303,70.1696,112.7708,51.99,0.501,0.498
1875,31.2500,8.9920,68.7261,114.7431,50.95,0.500,0.494
1876,31.2667,8.5629,65.8351,117.1597,50.16,0.502,0.497
1877,31.2833,7.4669,61.3153,115.1250,49.03,0.500,0.495
1878,31.3000,6.9454,56.9229,111.4444,48.26,0.504,0.496
1879,31.3167,6.1377,52.9223,106.0694,47.42,0.496,0.495
1880,31.3333,5.9690,48.9932,96.4861,47.02,0.499,0.495
1881,31.3500,5.7782,46.1108,89.0694,46.77,0.495,0.503
1882,31.3667,5.2577,43.4234,84.2222,46.83,0.502,0.502
1883,31.3833,4.8739,41.1717,78.7708,46.87,0.500,0.509
1884,31.4000,4.5756,38.6555,75.2778,47.09,0.498,0.497
1885,31.4167,4.1505,36.3968,71.8750,47.06,0.501,0.502
1886,31.4333,3.9422,34.2021,67.1250,47.38,0.497,0.498
1887,31.4500,3.6150,32.5751,62.5069,47.38,0.495,0.507
1888,31.4667,3.5080,30.8861,59.4861,47.71,0.499,0.500
1889,31.4833,3.0403,29.0090,56.4653,47.96,0.499,0.504
1890,31.5000,2.8621,27.1245,52.8472,48.28,0.501,0.500
1891,31.5167,2.6461,25.3462,49.5833,48.19,0.507,0.501
1892,31.5333,2.4160,23.5894,45.8681,48.58,0.496,0.496
1893,31.5500,2.1292,21.9592,41.1042,48.67,0.501,0.502
1894,31.5667,1.8420,20.0750,36.9097,48.86,0.503,0.501
1895,31.5833,31.8917,47.1978,172.9444,48.77,0.505,0.500
1896,31.6000,6.6196,42.7453,163.4306,77.25,0.491,0.496
1897,31.6167,5.3545,38.9712,157.3681,74.26,0.488,0.498
1898,31.6333,4.1786,35.7431,152.5833,71.98,0.483,0.499
1899,31.6500,3.4991,32.8895,147.1875,70.14,0.488,0.504
1900,31.6667,3.1271,30.5715,142.0417,69.01,0.493,0.493
1901,31.6833,2.6436,28.7297,137.6250,67.81,0.494,0.503
1902,31.7000,2.3757,27.3217,133.8194,67.07,0.490,0.500
1903,31.7167,1.8826,22.8834,139.5000,66.01,0.488,0.504
1904,31.7333,1.7531,19.4232,106.7292,65.88,0.484,0.504
1905,31.7500,1.3570,16.8988,80.7778,65.44,0.497,0.499
1906,31.7667,1.3955,15.1556,62.9167,65.40,0.486,0.489
1907,31.7833,1.1844,13.6841,49.7778,65.13,0.521,0.492
1908,31.8000,1.0864,12.1523,39.2500,65.44,0.506,0.516
1909,31.8167,1.2238,10.9405,29.3333,65.45,0.519,0.474
1910,31.8333,1.1352,9.6100,19.5903,65.66,0.480,0.495
1911,31.8500,1.2840,8.6273,14.8056,65.52,0.495,0.503
1912,31.8667,1.3583,8.0612,14.9236,65.92,0.517,0.504
1913,31.8833,1.2605,8.5969,15.4028,66.02,0.489,0.501
1914,31.9000,1.4360,9.0365,15.0764,66.31,0.505,0.494
1915,31.9167,1.4312,9.2916,16.4792,66.34,0.505,0.491
1916,31.9333,1.4164,9.4867,18.6528,66.78,0.488,0.509
1917,31.9500,1.3302,9.5919,19.8403,67.04,0.503,0.503
1918,31.9667,1.4452,9.8861,21.1389,67.35,0.505,0.495
1919,31.9833,1.3096,9.9249,21.5139,67.38,0.489,0.505
1920,32.0000,1.3834,10.0422,22.0069,67.83,0.502,0.501
1921,32.0167,1.3261,10.1633,22.1875,68.02,0.502,0.492
1922,32.0333,1.4118,10.1309,21.6875,68.33,0.499,0.505
1923,32.0500,1.3473,10.0926,21.2292,68.35,0.502,0.494
1924,32.0667,1.2015,9.9384,20.3542,68.76,0.499,0.527
1925,32.0833,1.2388,9.8518,19.1667,68.92,0.535,0.498
1926,32.1000,1.2689,9.6763,18.8750,69.20,0.463,0.505
1927,32.1167,1.2435,9.5651,17.8958,69.13,0.503,0.496
1928,32.1333,1.2861,9.4182,17.2917,69.56,0.512,0.482
1929,32.1500,1.2879,9.3707,16.7431,69.64,0.498,0.503
1930,32.1667,1.2140,9.2612,16.1319,69.96,0.496,0.501
1931,32.1833,1.2910,9.2218,15.4931,69.92,0.531,0.487
1932,32.2000,1.2623,9.2118,14.9236,70.30,0.481,0.508
1933,32.2167,1.2001,9.1889,15.2569,70.20,0.494,0.500
1934,32.2333,1.3305,9.1653,15.5417,70.44,0.488,0.505
1935,32.2500,1.2882,9.2108,16.0278,70.19,0.512,0.496
1936,32.2667,1.3226,9.1423,15.4792,70.59,0.478,0.490
1937,32.2833,1.2131,9.0712,15.2639,70.79,0.504,0.497
1938,32.3000,1.2433,8.9169,15.3056,71.03,0.492,0.502
1939,32.3167,1.2336,8.8647,15.3056,70.91,0.518,0.499
1940,32.3333,1.2454,8.9551,15.3889,71.21,0.501,0.496
1941,32.3500,1.1045,8.8983,14.7778,71.24,0.489,0.509
1942,32.3667,1.2002,8.9065,15.4167,71.46,0.492,0.498
1943,32.3833,1.2096,8.8709,15.2222,71.37,0.505,0.497
1944,32.4000,1.2211,8.7653,15.3194,71.69,0.502,0.498
1945,32.4167,1.1978,8.7758,15.7847,71.65,0.509,0.495
1946,32.4333,1.3258,8.8137,15.5417,71.86,0.489,0.500
1947,32.4500,1.2211,8.8216,15.9514,71.65,0.505,0.490
1948,32.4667,1.2039,8.8054,15.5903,72.01,0.503,0.507
1949,32.4833,1.1795,8.8761,17.1597,72.03,0.527,0.514
1950,32.5000,1.3187,8.9238,21.1042,72.22,0.514,0.516
1951,32.5167,1.3605,9.0135,24.7917,72.06,0.540,0.515
1952,32.5333,1.4315,9.0960,27.5764,72.45,0.560,0.537
1953,32.5500,1.4424,9.1518,28.7431,72.56,0.574,0.541
1954,32.5667,1.6528,9.2383,29.7083,72.77,0.596,0.584
1955,32.5833,1.8466,9.4792,34.1944,72.71,0.662,0.611
1956,32.6000,2.0235,9.7480,42.6458,73.20,0.680,0.625
1957,32.6167,2.3176,9.9810,54.1597,73.45,0.714,0.657
1958,32.6333,2.4521,10.2393,80.4097,73.97,0.725,0.655
1959,32.6500,2.3681,10.7286,102.7500,74.11,0.684,0.635
1960,32.6667,2.3812,10.9717,106.4653,74.83,0.693,0.644
1961,32.6833,2.4905,11.1213,99.7083,74.97,0.708,0.633
1962,32.7000,2.4484,11.2322,85.7500,75.18,0.680,0.643
1963,32.7167,2.3533,11.3123,68.5556,75.20,0.667,0.625
1964,32.7333,2.2562,11.3357,70.8125,75.50,0.645,0.614
1965,32.7500,2.0732,11.3813,74.1875,75.49,0.636,0.605
1966,32.7667,2.2141,12.1026,91.5069,75.66,0.604,0.582
1967,32.7833,1.9533,12.1877,106.1528,75.44,0.609,0.583
1968,32.8000,1.9185,12.1868,102.8958,75.62,0.602,0.582
1969,32.8167,1.8777,12.2239,86.5347,75.53,0.586,0.569
1970,32.8333,1.8864,12.3357,71.9583,75.65,0.583,0.560
1971,32.8500,2.9013,13.3589,60.5347,75.48,0.530,0.536
1972,32.8667,2.5673,13.9168,54.6319,76.44,0.546,0.544
1973,32.8833,2.3760,14.3109,51.3472,76.92,0.558,0.540
1974,32.9000,2.1766,14.4021,48.7569,77.40,0.525,0.537
1975,32.9167,1.9720,14.4531,47.7292,77.53,0.551,0.548
1976,32.9333,2.0435,14.7207,49.1042,77.98,0.537,0.519
1977,32.9500,1.7001,14.7206,53.0556,78.12,0.541,0.555
1978,32.9667,1.8307,14.7882,57.3750,78.40,0.552,0.536
1979,32.9833,2.0865,14.0802,59.8611,78.22,0.536,0.540
1980,33.0000,1.6349,13.3613,61.0833,77.90,0.551,0.538
1981,33.0167,1.5203,12.6771,59.1597,78.14,0.550,0.551
1982,33.0333,6.3537,15.6402,63.2917,78.10,0.502,0.498
1983,33.0500,1.5017,15.4455,60.5417,73.09,0.529,0.511
1984,33.0667,1.4173,14.9895,57.3542,72.86,0.543,0.551
1985,33.0833,1.3219,14.8192,54.2361,73.01,0.526,0.556
1986,33.1000,1.2330,14.4749,51.3681,72.93,0.532,0.533
1987,33.1167,1.4845,14.2284,47.3125,72.99,0.526,0.483
1988,33.1333,1.2819,14.1124,44.4236,72.69,0.546,0.536
1989,33.1500,1.2858,14.0630,42.2083,72.80,0.515,0.514
1990,33.1667,1.2152,9.5629,34.7431,72.66,0.510,0.522
1991,33.1833,1.3481,9.4323,32.9792,72.72,0.521,0.502
1992,33.2000,1.2867,9.3277,30.6111,72.46,0.518,0.527
1993,33.2167,1.2364,9.2839,28.3056,72.66,0.522,0.500
1994,33.2333,1.2238,9.3676,26.8819,72.55,0.512,0.501
1995,33.2500,1.3103,9.2011,24.8889,72.61,0.513,0.479
1996,33.2667,1.3240,9.2877,22.8611,72.33,0.513,0.504
1997,33.2833,1.1955,9.2466,21.7986,72.47,0.509,0.505
1998,33.3000,1.0729,9.0992,21.0069,72.41,0.486,0.500
1999,33.3167,1.3065,9.0845,19.9028,72.43,0.533,0.473
2000,33.3333,1.2750,9.1069,19.0833,72.19,0.509,0.511
2001,33.3500,1.2411,9.1135,17.5694,72.35,0.508,0.492
2002,33.3667,1.1670,9.0877,16.2222,72.17,0.499,0.492
2003,33.3833,1.2553,9.0292,16.0417,72.14,0.502,0.481
2004,33.4000,1.3313,9.0556,15.6458,71.83,0.487,0.486
2005,33.4167,1.1759,9.0426,15.6181,71.91,0.524,0.506
2006,33.4333,1.1923,9.1544,16.3264,71.73,0.514,0.479
2007,33.4500,1.1449,9.0042,15.5903,71.68,0.482,0.486
2008,33.4667,1.2668,9.0015,16.0833,71.42,0.518,0.475
2009,33.4833,1.1637,8.9215,15.9097,71.45,0.502,0.508
2010,33.5000,1.1176,8.8759,15.7986,71.33,0.506,0.488
2011,33.5167,1.2816,8.9084,15.9167,71.27,0.483,0.497
2012,33.5333,1.2355,8.8413,16.1806,70.93,0.505,0.499
2013,33.5500,1.1747,8.8676,16.5556,71.06,0.510,0.501
2014,33.5667,1.1206,8.7952,16.0903,70.90,0.461,0.495
2015,33.5833,1.3043,8.9349,16.2639,70.95,0.521,0.479
2016,33.6000,1.1944,8.9055,15.7917,70.64,0.502,0.496
2017,33.6167,1.1508,8.9158,15.9167,70.75,0.499,0.496
2018,33.6333,1.2317,9.0040,15.5486,70.61,0.517,0.489
2019,33.6500,1.1787,8.8749,15.7500,70.58,0.497,0.501
2020,33.6667,1.1740,8.8135,15.5417,70.33,0.503,0.506
2021,33.6833,1.2744,8.8921,15.4236,70.42,0.497,0.472
2022,33.7000,4.7076,11.8214,40.7222,70.20,0.511,0.520
2023,33.7167,3.5414,13.4034,48.5833,68.07,0.497,0.514
2024,33.7333,3.0505,14.5216,55.0903,66.55,0.502,0.513
2025,33.7500,2.7786,15.5470,61.4514,65.65,0.497,0.513
2026,33.7667,2.4210,16.3320,65.9722,64.55,0.495,0.501
2027,33.7833,2.1809,17.1560,71.0625,63.78,0.507,0.499
2028,33.8000,1.9040,17.6752,75.0694,62.98,0.503,0.507
2029,33.8167,1.6998,17.9495,78.0278,62.69,0.500,0.494
2030,33.8333,1.4450,15.7805,58.7292,62.19,0.484,0.504
2031,33.8500,1.5175,14.4896,50.0486,62.02,0.523,0.492
2032,33.8667,1.2600,13.2638,43.4097,61.55,0.506,0.503
2033,33.8833,1.1410,12.1832,36.9653,61.66,0.495,0.495
2034,33.9000,1.1836,11.2457,30.1042,61.53,0.493,0.473
2035,33.9167,1.2180,10.3464,23.8542,61.56,0.498,0.486
2036,33.9333,1.2728,9.5255,17.5278,61.29,0.499,0.510
2037,33.9500,1.3203,8.9000,15.4722,61.34,0.518,0.485
2038,33.9667,1.2885,8.7812,15.9792,61.48,0.491,0.491
2039,33.9833,61.3307,61.5524,174.8958,61.33,0.505,0.503
2040,34.0000,0.0000,61.6614,175.2014,0.00,0.500,0.500
2041,34.0167,0.0000,61.5299,175.1944,0.00,0.500,0.500
2042,34.0333,0.0000,61.5571,175.2014,0.00,0.500,0.500
2043,34.0500,0.0000,61.2898,175.1181,0.00,0.500,0.500
2044,34.0667,0.0000,61.3386,175.6042,0.00,0.500,0.500
2045,34.0833,0.0000,61.4769,176.1806,0.00,0.500,0.500
2046,34.1000,0.0000,61.3307,176.5278,0.00,0.500,0.500
2047,34.1167,0.0000,0.0000,0.0000,0.00,0.500,0.500
2048,34.1333,0.0000,0.0000,0.0000,0.00,0.500,0.500
2049,34.1500,0.0000,0.0000,0.0000,0.00,0.500,0.500
2050,34.1667,0.0000,0.0000,0.0000,0.00,0.500,0.500
2051,34.1833,0.0065,0.0065,0.4167,0.00,0.000,0.661
2052,34.2000,0.6173,0.6238,20.4444,0.01,0.006,0.604
2053,34.2167,2.1704,2.2440,51.1667,0.62,0.041,0.583
2054,34.2333,6.0791,5.9486,123.1250,2.24,0.101,0.573
2055,34.2500,10.9845,10.7660,148.2153,5.95,0.183,0.567
2056,34.2667,14.1511,15.1532,163.7639,10.77,0.272,0.556
2057,34.2833,16.1017,19.7859,144.3542,15.15,0.374,0.549
2058,34.3000,16.9921,22.8592,164.9306,19.79,0.463,0.543
2059,34.3167,14.4409,23.3439,183.4444,22.86,0.515,0.538
2060,34.3333,11.4891,23.9110,167.0903,23.34,0.546,0.538
2061,34.3500,9.5620,25.0596,157.1458,23.29,0.565,0.535
2062,34.3667,8.3300,27.2599,150.4306,22.82,0.574,0.532
2063,34.3833,7.0268,28.0311,153.4028,22.16,0.562,0.526
2064,34.4000,5.8943,27.5152,162.1181,21.28,0.543,0.518
2065,34.4167,4.9268,26.3296,168.3194,20.48,0.532,0.513
2066,34.4333,4.3608,24.2639,140.7083,19.76,0.513,0.510
2067,34.4500,3.8738,20.6936,118.6597,19.18,0.509,0.508
2068,34.4667,3.3765,19.5182,115.1319,18.59,0.499,0.507
2069,34.4833,3.0442,18.5534,107.2500,18.13,0.499,0.508
2070,34.5000,2.6011,17.5298,100.5000,17.71,0.503,0.508
2071,34.5167,2.3140,16.5747,95.6319,17.36,0.498,0.510
2072,34.5333,1.9761,16.2096,101.6528,17.02,0.504,0.510
2073,34.5500,1.6322,15.7822,105.1042,16.81,0.500,0.511
2074,34.5667,1.3362,14.9967,95.7986,16.58,0.504,0.513
2075,34.5833,1.0985,14.0461,97.1806,16.42,0.501,0.513
2076,34.6000,0.8686,12.7645,87.1319,16.28,0.498,0.516
2077,34.6167,0.6833,11.3153,82.5764,16.19,0.490,0.518
2078,34.6333,0.5649,9.5799,69.7153,16.14,0.485,0.523
2079,34.6500,0.5731,7.8652,54.8542,16.14,0.489,0.524
2080,34.6667,0.6114,6.3682,40.9306,16.16,0.487,0.528
2081,34.6833,0.6663,5.1543,37.5347,16.23,0.486,0.527
2082,34.7000,0.7595,4.2995,35.6319,16.29,0.489,0.529
2083,34.7167,0.7704,4.4698,35.2292,16.40,0.485,0.529
2084,34.7333,0.8098,4.8652,38.1042,16.50,0.490,0.530
2085,34.7500,0.8140,5.2071,43.7639,16.63,0.488,0.529
2086,34.7667,0.8114,5.4916,47.0903,16.71,0.494,0.529
2087,34.7833,0.8149,5.7746,49.6319,16.83,0.494,0.528
2088,34.8000,0.7792,5.9656,53.2083,16.92,0.493,0.530
2089,34.8167,0.7380,6.0876,55.8056,17.05,0.491,0.530
2090,34.8333,0.6710,6.0502,56.3819,17.15,0.497,0.529
2091,34.8500,0.6393,5.9441,56.4375,17.27,0.491,0.529
2092,34.8667,0.5902,5.7345,55.0417,17.34,0.493,0.529
2093,34.8833,0.5525,5.4862,53.1319,17.46,0.498,0.528
2094,34.9000,0.5130,5.1841,50.3194,17.54,0.503,0.528
2095,34.9167,0.4870,4.8519,47.3056,17.62,0.502,0.528
2096,34.9333,0.4494,4.5130,44.9514,17.69,0.495,0.527
2097,34.9500,0.4243,4.1987,42.8472,17.79,0.511,0.528
2098,34.9667,0.3959,3.9403,40.6875,17.84,0.501,0.529
2099,34.9833,0.3643,3.6969,38.2708,17.89,0.499,0.529
2100,35.0000,0.3248,3.4587,35.8264,17.94,0.495,0.528
2101,35.0167,0.3088,3.2340,33.3125,18.00,0.501,0.529
2102,35.0333,0.2772,3.0030,30.8611,18.03,0.494,0.527
2103,35.0500,0.2598,2.7782,28.1806,18.09,0.499,0.528
2104,35.0667,0.2357,2.5621,26.2292,18.12,0.495,0.529
2105,35.0833,0.2145,2.3560,23.4931,18.17,0.487,0.528
2106,35.1000,0.1821,2.1413,21.1389,18.19,0.494,0.527
2107,35.1167,0.1809,1.9612,19.3611,18.22,0.496,0.527
2108,35.1333,0.1467,1.7833,17.7014,18.22,0.482,0.530
2109,35.1500,0.1487,1.6229,16.1042,18.26,0.490,0.525
2110,35.1667,0.1114,1.4580,14.3333,18.30,0.498,0.527
2111,35.1833,0.1064,1.3045,12.8056,18.31,0.489,0.526
2112,35.2000,16.3194,16.1469,125.1944,18.31,0.491,0.531
2113,35.2167,0.9641,16.2155,125.3819,5.48,0.492,0.524
2114,35.2333,0.6757,16.2562,125.7014,5.32,0.502,0.524
2115,35.2500,0.5450,16.2542,125.7361,5.23,0.511,0.524
2116,35.2667,0.4736,16.3108,126.0625,5.15,0.507,0.524
2117,35.2833,0.4031,16.4009,126.1319,5.09,0.502,0.524
2118,35.3000,0.3496,16.4518,126.2917,5.02,0.498,0.524
2119,35.3167,0.3165,16.4820,126.2986,4.97,0.487,0.523
2120,35.3333,0.2888,3.2166,57.5278,4.92,0.491,0.523
2121,35.3500,0.2681,2.8440,52.2639,4.88,0.500,0.524
2122,35.3667,0.2426,2.5138,44.3056,4.84,0.504,0.523
2123,35.3833,0.2293,2.2581,41.0972,4.80,0.502,0.524
2124,35.4000,0.2135,2.1024,37.8750,4.75,0.508,0.523
2125,35.4167,0.2068,1.9511,34.0417,4.73,0.507,0.524
2126,35.4333,0.1968,1.8002,32.4931,4.69,0.501,0.524
2127,35.4500,0.1861,1.7008,31.6181,4.66,0.512,0.523
2128,35.4667,0.1742,1.6274,30.4097,4.63,0.499,0.524
2129,35.4833,0.1803,1.5515,29.1806,4.61,0.495,0.523
2130,35.5000,0.1633,1.4800,27.7569,4.57,0.493,0.523
2131,35.5167,0.1556,1.4207,26.1667,4.55,0.497,0.524
2132,35.5333,0.1468,1.3670,24.5278,4.51,0.496,0.523
2133,35.5500,0.1472,1.3074,24.1250,4.50,0.495,0.524
2134,35.5667,0.1395,1.2432,23.0694,4.47,0.503,0.523
2135,35.5833,0.1406,1.1970,22.2569,4.46,0.501,0.524
2136,35.6000,0.1299,1.1602,21.0000,4.43,0.511,0.524
2137,35.6167,0.1297,1.1212,19.6667,4.43,0.503,0.523
2138,35.6333,0.1296,1.0894,19.4653,4.40,0.512,0.524
2139,35.6500,0.1258,1.0611,19.4236,4.38,0.517,0.523
2140,35.6667,0.1183,1.0286,19.1597,4.35,0.511,0.524
2141,35.6833,0.1234,0.9991,19.0694,4.34,0.512,0.523
2142,35.7000,0.1196,0.9794,18.7222,4.32,0.514,0.525
2143,35.7167,0.1166,0.9500,18.1667,4.30,0.505,0.523
2144,35.7333,0.1176,0.9403,17.8681,4.27,0.504,0.522
2145,35.7500,0.1182,0.9364,17.5764,4.27,0.501,0.524
2146,35.7667,20.8074,20.7204,135.3611,4.24,0.510,0.529
2147,35.7833,0.4972,21.1964,137.1736,24.18,0.525,0.527
2148,35.8000,0.3360,21.5281,138.1736,24.63,0.511,0.530
2149,35.8167,0.3060,21.8357,139.4306,24.95,0.512,0.524
2150,35.8333,0.2135,22.0428,140.3125,25.24,0.511,0.520
2151,35.8500,0.2550,22.2694,140.1944,25.44,0.514,0.584
2152,35.8667,0.2151,22.4548,141.7361,25.66,0.509,0.466
2153,35.8833,0.1988,22.6391,141.8403,25.84,0.513,0.591
2154,35.9000,0.1113,1.9472,15.3194,26.01,0.508,0.544
2155,35.9167,0.2595,1.6995,12.8611,26.05,0.513,0.532
2156,35.9333,0.1315,1.4861,11.5278,26.28,0.456,0.470
2157,35.9500,0.1337,1.2739,9.8542,26.36,0.566,0.560
2158,35.9667,0.1924,1.2475,9.1875,26.44,0.512,0.509
2159,35.9833,0.1230,1.0225,8.1528,26.60,0.510,0.521
2160,36.0000,0.1403,0.9753,7.4861,26.60,0.508,0.534
2161,36.0167,9.4697,9.1481,56.7014,26.72,0.512,0.529
2162,36.0333,0.0672,9.1296,56.6806,17.26,0.500,0.516
2163,36.0500,0.0632,9.2576,56.6806,17.29,0.519,0.491
2164,36.0667,0.0787,9.2827,56.6806,17.29,0.504,0.576
2165,36.0833,0.0843,9.3092,56.6875,17.36,0.519,0.499
2166,36.1000,0.0514,9.3851,56.7014,17.43,0.511,0.573
2167,36.1167,0.0463,9.3442,56.6667,17.43,0.499,0.502
2168,36.1333,0.0675,9.4142,56.7431,17.44,0.441,0.571
2169,36.1500,0.0956,0.3384,2.6875,17.50,0.560,0.526
2170,36.1667,0.0382,0.3628,2.4931,17.56,0.513,0.527
2171,36.1833,0.0908,0.3528,2.7639,17.60,0.511,0.568
2172,36.2000,0.0761,0.2631,2.4236,17.61,0.513,0.501
2173,36.2167,0.0614,0.2411,2.1667,17.59,0.507,0.500
2174,36.2333,0.0303,0.2777,2.0000,17.64,0.503,0.627
2175,36.2500,0.0684,0.3457,2.3125,17.67,0.513,0.504
2176,36.2667,7.6124,7.8455,46.0069,17.73,0.512,0.528
2177,36.2833,0.0736,7.8528,45.8819,25.35,0.515,0.541
2178,36.3000,0.0947,7.7658,45.7847,25.42,0.496,0.617
2179,36.3167,0.0371,7.7811,45.7014,25.37,0.613,0.582
2180,36.3333,0.0955,7.7797,45.5764,25.39,0.515,0.468
2181,36.3500,0.0438,7.7656,45.4792,25.37,0.500,0.528
2182,36.3667,0.0405,7.7411,45.5417,25.41,0.500,0.509
2183,36.3833,0.0254,7.7003,45.2639,25.41,0.509,0.532
2184,36.4000,0.0659,0.1737,1.6528,25.43,0.508,0.602
2185,36.4167,0.0267,0.1390,1.3611,25.50,0.505,0.490
2186,36.4333,0.0519,0.2398,1.8889,25.52,0.510,0.598
2187,36.4500,0.0240,0.2074,1.6667,25.56,0.616,0.525
2188,36.4667,0.0654,0.2368,1.4444,25.55,0.453,0.426
2189,36.4833,0.0112,0.2050,1.3333,25.57,0.541,0.536
2190,36.5000,0.0075,0.2097,1.2222,25.58,0.501,0.525
2191,36.5167,2.3517,2.5039,14.3264,25.59,0.512,0.529
2192,36.5333,0.0021,2.4447,14.2292,27.94,0.554,0.489
2193,36.5500,0.0021,2.4209,14.2083,27.94,0.473,0.540
2194,36.5667,0.0007,2.3838,14.1111,27.94,0.598,0.531
2195,36.5833,0.0007,2.3900,14.1111,27.94,0.598,0.533
2196,36.6000,0.0033,2.3682,13.9097,27.94,0.441,0.535
2197,36.6167,0.0033,2.3620,13.9097,27.94,0.536,0.538
2198,36.6333,0.0073,2.3611,13.9028,27.94,0.508,0.658
2199,36.6500,0.0007,0.0142,0.1111,27.95,0.374,0.526
2200,36.6667,0.0039,0.0132,0.1250,27.95,0.494,0.541
2201,36.6833,0.0004,0.0136,0.1458,27.94,0.411,0.549
2202,36.7000,0.0002,0.0127,0.1250,27.94,0.315,0.549
2203,36.7167,0.0003,0.0130,0.1458,27.94,0.420,0.559
2204,36.7333,0.0009,0.0115,0.1389,27.94,0.433,0.551
2205,36.7500,0.0003,0.0118,0.1319,27.94,0.612,0.451
2206,36.7667,10.0290,10.0322,59.1597,27.94,0.512,0.529
2207,36.7833,0.0010,10.0328,59.1667,17.92,0.605,0.512
2208,36.8000,0.0004,10.0293,59.1667,17.92,0.394,0.482
2209,36.8167,0.0008,10.0290,59.1667,17.92,0.474,0.537
2210,36.8333,0.0002,10.0290,59.1667,17.92,0.591,0.542
2211,36.8500,0.0004,10.0291,59.1667,17.92,0.541,0.532
2212,36.8667,0.0020,10.0297,59.1875,17.92,0.488,0.514
2213,36.8833,0.0035,10.0272,59.1875,17.91,0.463,0.578
2214,36.9000,0.0082,0.0128,0.1181,17.92,0.470,0.632
2215,36.9167,0.0017,0.0127,0.1181,17.92,0.546,0.599
2216,36.9333,0.0403,0.0512,0.3958,17.92,0.499,0.464
2217,36.9500,0.0008,0.0503,0.3958,17.95,0.543,0.545
2218,36.9667,0.0008,0.0502,0.3889,17.95,0.613,0.535
2219,36.9833,0.0001,0.0503,0.3889,17.95,0.583,0.521
2220,37.0000,0.0016,0.0496,0.3750,17.95,0.608,0.512
2221,37.0167,0.0015,0.0485,0.3750,17.95,0.560,0.607
2222,37.0333,0.0003,0.0434,0.3889,17.95,0.609,0.568
2223,37.0500,0.0004,0.0430,0.3681,17.95,0.520,0.680
2224,37.0667,0.0004,0.0040,0.0417,17.96,0.667,0.546
2225,37.0833,17.9546,17.9542,137.0278,17.95,0.512,0.529
2226,37.1000,0.0000,17.9541,137.0278,0.00,0.500,0.500
2227,37.1167,0.0000,17.9540,137.0278,0.00,0.500,0.500
2228,37.1333,0.0000,17.9532,137.0208,0.00,0.500,0.500
2229,37.1500,0.0000,17.9545,137.0208,0.00,0.500,0.500
2230,37.1667,0.0000,17.9546,137.0208,0.00,0.500,0.500
2231,37.1833,0.0000,17.9551,137.0208,0.00,0.500,0.500
2232,37.2000,0.0000,17.9546,137.0208,0.00,0.500,0.500
2233,37.2167,0.0000,0.0000,0.0000,0.00,0.500,0.500
2234,37.2333,0.0000,0.0000,0.0000,0.00,0.500,0.500
2235,37.2500,0.0000,0.0000,0.0000,0.00,0.500,0.500
2236,37.2667,0.0000,0.0000,0.0000,0.00,0.500,0.500
2237,37.2833,0.0000,0.0000,0.0000,0.00,0.500,0.500
2238,37.3000,0.0000,0.0000,0.0000,0.00,0.500,0.500
2239,37.3167,0.0000,0.0000,0.0000,0.00,0.500,0.500
2240,37.3333,0.0000,0.0000,0.0000,0.00,0.500,0.500
2241,37.3500,0.0000,0.0000,0.0000,0.00,0.500,0.500
2242,37.3667,0.0000,0.0000,0.0000,0.00,0.500,0.500
2243,37.3833,0.0000,0.0000,0.0000,0.00,0.500,0.500
2244,37.4000,0.0000,0.0000,0.0000,0.00,0.500,0.500
2245,37.4167,0.0000,0.0000,0.0000,0.00,0.500,0.500
2246,37.4333,0.0000,0.0000,0.0000,0.00,0.500,0.500
2247,37.4500,0.0000,0.0000,0.0000,0.00,0.500,0.500
2248,37.4667,0.0000,0.0000,0.0000,0.00,0.500,0.500
2249,37.4833,0.0000,0.0000,0.0000,0.00,0.500,0.500
2250,37.5000,0.0000,0.0000,0.0000,0.00,0.500,0.500
2251,37.5167,0.0000,0.0000,0.0000,0.00,0.500,0.500
2252,37.5333,0.0000,0.0000,0.0000,0.00,0.500,0.500
2253,37.5500,0.0000,0.0000,0.0000,0.00,0.500,0.500
2254,37.5667,0.0000,0.0000,0.0000,0.00,0.500,0.500
2255,37.5833,0.0000,0.0000,0.0000,0.00,0.500,0.500
2256,37.6000,0.0000,0.0000,0.0000,0.00,0.500,0.500
2257,37.6167,0.0000,0.0000,0.0000,0.00,0.500,0.500
2258,37.6333,0.0000,0.0000,0.0000,0.00,0.500,0.500
2259,37.6500,0.0000,0.0000,0.0000,0.00,0.500,0.500
2260,37.6667,0.0000,0.0000,0.0000,0.00,0.500,0.500
2261,37.6833,0.0000,0.0000,0.0000,0.00,0.500,0.500
2262,37.7000,0.0000,0.0000,0.0000,0.00,0.500,0.500
2263,37.7167,0.0000,0.0000,0.0000,0.00,0.500,0.500
2264,37.7333,0.0000,0.0000,0.0000,0.00,0.500,0.500
2265,37.7500,0.0000,0.0000,0.0000,0.00,0.500,0.500
2266,37.7667,0.0000,0.0000,0.0000,0.00,0.500,0.500
2267,37.7833,0.0000,0.0000,0.0000,0.00,0.500,0.500
2268,37.8000,0.0000,0.0000,0.0000,0.00,0.500,0.500
2269,37.8167,0.0000,0.0000,0.0000,0.00,0.500,0.500
2270,37.8333,0.0000,0.0000,0.0000,0.00,0.500,0.500
2271,37.8500,0.0000,0.0000,0.0000,0.00,0.500,0.500
2272,37.8667,0.0000,0.0000,0.0000,0.00,0.500,0.500
2273,37.8833,0.0000,0.0000,0.0000,0.00,0.500,0.500
2274,37.9000,0.0000,0.0000,0.0000,0.00,0.500,0.500
